dataset_name,ticker,issue,notes
market_price,,MANUAL_REVIEW,"required_fields=ticker,date,close,volume,trading_value; stale data present; low confidence rows present; manual review rows present"
financial_statement_summary,,MISSING_DATA,"required_fields=ticker,period,revenue,net_profit,equity,total_assets,total_liabilities; missing required values present; low confidence rows present; manual review rows present"
disclosure_status,,EMPTY_DATASET,"required_fields=ticker,date,event_type,severity"
financial_statement_summary,VCB,PARTIAL_FINANCIAL_FIELDS,"warnings=FINANCIAL_FIELD_UNMAPPED:revenue|FINANCIAL_FIELD_UNMAPPED:operating_profit|FINANCIAL_FIELD_UNMAPPED:net_profit|FINANCIAL_FIELD_UNMAPPED:cash|FINANCIAL_FIELD_UNMAPPED:short_term_debt|FINANCIAL_FIELD_UNMAPPED:long_term_debt|FINANCIAL_FIELD_UNMAPPED:operating_cash_flow|FINANCIAL_PARTIAL_ROW|BANK_FINANCIAL_SCHEMA_PARTIAL; missing_fields=revenue,operating_profit,net_profit,cash,short_term_debt,long_term_debt,operating_cash_flow; not_applicable_fields=gross_profit,inventory"
financial_statement_summary,BID,PARTIAL_FINANCIAL_FIELDS,"warnings=FINANCIAL_FIELD_UNMAPPED:revenue|FINANCIAL_FIELD_UNMAPPED:operating_profit|FINANCIAL_FIELD_UNMAPPED:net_profit|FINANCIAL_FIELD_UNMAPPED:cash|FINANCIAL_FIELD_UNMAPPED:short_term_debt|FINANCIAL_FIELD_UNMAPPED:long_term_debt|FINANCIAL_FIELD_UNMAPPED:operating_cash_flow|FINANCIAL_PARTIAL_ROW|BANK_FINANCIAL_SCHEMA_PARTIAL; missing_fields=revenue,operating_profit,net_profit,cash,short_term_debt,long_term_debt,operating_cash_flow; not_applicable_fields=gross_profit,inventory"
financial_statement_summary,CTG,PARTIAL_FINANCIAL_FIELDS,"warnings=FINANCIAL_FIELD_UNMAPPED:revenue|FINANCIAL_FIELD_UNMAPPED:operating_profit|FINANCIAL_FIELD_UNMAPPED:net_profit|FINANCIAL_FIELD_UNMAPPED:cash|FINANCIAL_FIELD_UNMAPPED:short_term_debt|FINANCIAL_FIELD_UNMAPPED:long_term_debt|FINANCIAL_FIELD_UNMAPPED:operating_cash_flow|FINANCIAL_PARTIAL_ROW|BANK_FINANCIAL_SCHEMA_PARTIAL; missing_fields=revenue,operating_profit,net_profit,cash,short_term_debt,long_term_debt,operating_cash_flow; not_applicable_fields=gross_profit,inventory"
financial_statement_summary,MBB,PARTIAL_FINANCIAL_FIELDS,"warnings=FINANCIAL_FIELD_UNMAPPED:revenue|FINANCIAL_FIELD_UNMAPPED:operating_profit|FINANCIAL_FIELD_UNMAPPED:net_profit|FINANCIAL_FIELD_UNMAPPED:cash|FINANCIAL_FIELD_UNMAPPED:short_term_debt|FINANCIAL_FIELD_UNMAPPED:long_term_debt|FINANCIAL_FIELD_UNMAPPED:operating_cash_flow|FINANCIAL_PARTIAL_ROW|BANK_FINANCIAL_SCHEMA_PARTIAL; missing_fields=revenue,operating_profit,net_profit,cash,short_term_debt,long_term_debt,operating_cash_flow; not_applicable_fields=gross_profit,inventory"
financial_statement_summary,ACB,PARTIAL_FINANCIAL_FIELDS,"warnings=FINANCIAL_FIELD_UNMAPPED:revenue|FINANCIAL_FIELD_UNMAPPED:operating_profit|FINANCIAL_FIELD_UNMAPPED:net_profit|FINANCIAL_FIELD_UNMAPPED:cash|FINANCIAL_FIELD_UNMAPPED:short_term_debt|FINANCIAL_FIELD_UNMAPPED:long_term_debt|FINANCIAL_FIELD_UNMAPPED:operating_cash_flow|FINANCIAL_PARTIAL_ROW|BANK_FINANCIAL_SCHEMA_PARTIAL; missing_fields=revenue,operating_profit,net_profit,cash,short_term_debt,long_term_debt,operating_cash_flow; not_applicable_fields=gross_profit,inventory"
financial_statement_summary,HPG,PARTIAL_FINANCIAL_FIELDS,"warnings=FINANCIAL_FIELD_UNMAPPED:net_profit|FINANCIAL_PARTIAL_ROW|BANK_FINANCIAL_SCHEMA_PARTIAL; missing_fields=net_profit; not_applicable_fields=gross_profit,inventory"
financial_statement_summary,HSG,PARTIAL_FINANCIAL_FIELDS,"warnings=FINANCIAL_FIELD_UNMAPPED:net_profit|FINANCIAL_PARTIAL_ROW|BANK_FINANCIAL_SCHEMA_PARTIAL; missing_fields=net_profit; not_applicable_fields=gross_profit,inventory"
financial_statement_summary,VHM,PARTIAL_FINANCIAL_FIELDS,"warnings=FINANCIAL_FIELD_UNMAPPED:net_profit|FINANCIAL_PARTIAL_ROW|BANK_FINANCIAL_SCHEMA_PARTIAL; missing_fields=net_profit; not_applicable_fields=gross_profit,inventory"
financial_statement_summary,KDH,PARTIAL_FINANCIAL_FIELDS,"warnings=FINANCIAL_FIELD_UNMAPPED:net_profit|FINANCIAL_PARTIAL_ROW|BANK_FINANCIAL_SCHEMA_PARTIAL; missing_fields=net_profit; not_applicable_fields=gross_profit,inventory"
financial_statement_summary,NLG,PARTIAL_FINANCIAL_FIELDS,"warnings=FINANCIAL_FIELD_UNMAPPED:net_profit|FINANCIAL_PARTIAL_ROW|BANK_FINANCIAL_SCHEMA_PARTIAL; missing_fields=net_profit; not_applicable_fields=gross_profit,inventory"
financial_statement_summary,SSI,PARTIAL_FINANCIAL_FIELDS,"warnings=FINANCIAL_FIELD_UNMAPPED:net_profit|FINANCIAL_PARTIAL_ROW|BANK_FINANCIAL_SCHEMA_PARTIAL; missing_fields=net_profit; not_applicable_fields=gross_profit,inventory"
financial_statement_summary,VND,PARTIAL_FINANCIAL_FIELDS,"warnings=FINANCIAL_FIELD_UNMAPPED:net_profit|FINANCIAL_PARTIAL_ROW|BANK_FINANCIAL_SCHEMA_PARTIAL; missing_fields=net_profit; not_applicable_fields=gross_profit,inventory"
financial_statement_summary,GAS,PARTIAL_FINANCIAL_FIELDS,"warnings=FINANCIAL_FIELD_UNMAPPED:net_profit|FINANCIAL_PARTIAL_ROW|BANK_FINANCIAL_SCHEMA_PARTIAL; missing_fields=net_profit; not_applicable_fields=gross_profit,inventory"
financial_statement_summary,PVS,PARTIAL_FINANCIAL_FIELDS,"warnings=FINANCIAL_FIELD_UNMAPPED:net_profit|FINANCIAL_PARTIAL_ROW|BANK_FINANCIAL_SCHEMA_PARTIAL; missing_fields=net_profit; not_applicable_fields=gross_profit,inventory"
financial_statement_summary,FPT,PARTIAL_FINANCIAL_FIELDS,"warnings=FINANCIAL_FIELD_UNMAPPED:net_profit|FINANCIAL_PARTIAL_ROW|BANK_FINANCIAL_SCHEMA_PARTIAL; missing_fields=net_profit; not_applicable_fields=gross_profit,inventory"
financial_statement_summary,MWG,PARTIAL_FINANCIAL_FIELDS,"warnings=FINANCIAL_FIELD_UNMAPPED:net_profit|FINANCIAL_PARTIAL_ROW|BANK_FINANCIAL_SCHEMA_PARTIAL; missing_fields=net_profit; not_applicable_fields=gross_profit,inventory"
financial_statement_summary,VGC,PARTIAL_FINANCIAL_FIELDS,"warnings=FINANCIAL_FIELD_UNMAPPED:net_profit|FINANCIAL_PARTIAL_ROW|BANK_FINANCIAL_SCHEMA_PARTIAL; missing_fields=net_profit; not_applicable_fields=gross_profit,inventory"
financial_statement_summary,GMD,PARTIAL_FINANCIAL_FIELDS,"warnings=FINANCIAL_FIELD_UNMAPPED:net_profit|FINANCIAL_PARTIAL_ROW|BANK_FINANCIAL_SCHEMA_PARTIAL; missing_fields=net_profit; not_applicable_fields=gross_profit,inventory"
financial_statement_summary,VHC,PARTIAL_FINANCIAL_FIELDS,"warnings=FINANCIAL_FIELD_UNMAPPED:net_profit|FINANCIAL_PARTIAL_ROW|BANK_FINANCIAL_SCHEMA_PARTIAL; missing_fields=net_profit; not_applicable_fields=gross_profit,inventory"
financial_statement_summary,TCM,PARTIAL_FINANCIAL_FIELDS,"warnings=FINANCIAL_FIELD_UNMAPPED:net_profit|FINANCIAL_PARTIAL_ROW|BANK_FINANCIAL_SCHEMA_PARTIAL; missing_fields=net_profit; not_applicable_fields=gross_profit,inventory"
disclosure_status,VCB,DISCLOSURE_DATA_UNAVAILABLE,"real source unavailable or budget exhausted; no disclosure is unknown, not clean; use data/templates/disclosure_status_template.csv or --input-disclosure"
disclosure_status,BID,DISCLOSURE_DATA_UNAVAILABLE,"real source unavailable or budget exhausted; no disclosure is unknown, not clean; use data/templates/disclosure_status_template.csv or --input-disclosure"
disclosure_status,CTG,DISCLOSURE_DATA_UNAVAILABLE,"real source unavailable or budget exhausted; no disclosure is unknown, not clean; use data/templates/disclosure_status_template.csv or --input-disclosure"
disclosure_status,MBB,DISCLOSURE_DATA_UNAVAILABLE,"real source unavailable or budget exhausted; no disclosure is unknown, not clean; use data/templates/disclosure_status_template.csv or --input-disclosure"
disclosure_status,ACB,DISCLOSURE_DATA_UNAVAILABLE,"real source unavailable or budget exhausted; no disclosure is unknown, not clean; use data/templates/disclosure_status_template.csv or --input-disclosure"
disclosure_status,HPG,DISCLOSURE_DATA_UNAVAILABLE,"real source unavailable or budget exhausted; no disclosure is unknown, not clean; use data/templates/disclosure_status_template.csv or --input-disclosure"
disclosure_status,HSG,DISCLOSURE_DATA_UNAVAILABLE,"real source unavailable or budget exhausted; no disclosure is unknown, not clean; use data/templates/disclosure_status_template.csv or --input-disclosure"
disclosure_status,VHM,DISCLOSURE_DATA_UNAVAILABLE,"real source unavailable or budget exhausted; no disclosure is unknown, not clean; use data/templates/disclosure_status_template.csv or --input-disclosure"
disclosure_status,KDH,DISCLOSURE_DATA_UNAVAILABLE,"real source unavailable or budget exhausted; no disclosure is unknown, not clean; use data/templates/disclosure_status_template.csv or --input-disclosure"
disclosure_status,NLG,DISCLOSURE_DATA_UNAVAILABLE,"real source unavailable or budget exhausted; no disclosure is unknown, not clean; use data/templates/disclosure_status_template.csv or --input-disclosure"
disclosure_status,SSI,DISCLOSURE_DATA_UNAVAILABLE,"real source unavailable or budget exhausted; no disclosure is unknown, not clean; use data/templates/disclosure_status_template.csv or --input-disclosure"
disclosure_status,VND,DISCLOSURE_DATA_UNAVAILABLE,"real source unavailable or budget exhausted; no disclosure is unknown, not clean; use data/templates/disclosure_status_template.csv or --input-disclosure"
disclosure_status,GAS,DISCLOSURE_DATA_UNAVAILABLE,"real source unavailable or budget exhausted; no disclosure is unknown, not clean; use data/templates/disclosure_status_template.csv or --input-disclosure"
disclosure_status,PVS,DISCLOSURE_DATA_UNAVAILABLE,"real source unavailable or budget exhausted; no disclosure is unknown, not clean; use data/templates/disclosure_status_template.csv or --input-disclosure"
disclosure_status,FPT,DISCLOSURE_DATA_UNAVAILABLE,"real source unavailable or budget exhausted; no disclosure is unknown, not clean; use data/templates/disclosure_status_template.csv or --input-disclosure"
disclosure_status,MWG,DISCLOSURE_DATA_UNAVAILABLE,"real source unavailable or budget exhausted; no disclosure is unknown, not clean; use data/templates/disclosure_status_template.csv or --input-disclosure"
disclosure_status,VGC,DISCLOSURE_DATA_UNAVAILABLE,"real source unavailable or budget exhausted; no disclosure is unknown, not clean; use data/templates/disclosure_status_template.csv or --input-disclosure"
disclosure_status,GMD,DISCLOSURE_DATA_UNAVAILABLE,"real source unavailable or budget exhausted; no disclosure is unknown, not clean; use data/templates/disclosure_status_template.csv or --input-disclosure"
disclosure_status,VHC,DISCLOSURE_DATA_UNAVAILABLE,"real source unavailable or budget exhausted; no disclosure is unknown, not clean; use data/templates/disclosure_status_template.csv or --input-disclosure"
disclosure_status,TCM,DISCLOSURE_DATA_UNAVAILABLE,"real source unavailable or budget exhausted; no disclosure is unknown, not clean; use data/templates/disclosure_status_template.csv or --input-disclosure"
coverage_report,,MANUAL_REVIEW,"required_fields=ticker,date,close,volume,trading_value; stale data present; low confidence rows present; manual review rows present"
coverage_report,,MISSING_DATA,"required_fields=ticker,period,revenue,net_profit,equity,total_assets,total_liabilities; missing required values present; low confidence rows present; manual review rows present"
production_universe_builder,VCB,MISSING_FINANCIAL_DATA,
production_universe_builder,VCB,MARKET_DATA_QUALITY_REVIEW,
production_universe_builder,VCB,FINANCIAL_DATA_QUALITY_REVIEW,
production_universe_builder,BID,MISSING_FINANCIAL_DATA,
production_universe_builder,BID,MARKET_DATA_QUALITY_REVIEW,
production_universe_builder,BID,FINANCIAL_DATA_QUALITY_REVIEW,
production_universe_builder,CTG,MISSING_FINANCIAL_DATA,
production_universe_builder,CTG,MARKET_DATA_QUALITY_REVIEW,
production_universe_builder,CTG,FINANCIAL_DATA_QUALITY_REVIEW,
production_universe_builder,MBB,MISSING_FINANCIAL_DATA,
production_universe_builder,MBB,MARKET_DATA_QUALITY_REVIEW,
production_universe_builder,MBB,FINANCIAL_DATA_QUALITY_REVIEW,
production_universe_builder,ACB,MISSING_FINANCIAL_DATA,
production_universe_builder,ACB,MARKET_DATA_QUALITY_REVIEW,
production_universe_builder,ACB,FINANCIAL_DATA_QUALITY_REVIEW,
production_universe_builder,HPG,MISSING_FINANCIAL_DATA,
production_universe_builder,HPG,MARKET_DATA_QUALITY_REVIEW,
production_universe_builder,HPG,FINANCIAL_DATA_QUALITY_REVIEW,
production_universe_builder,HSG,MISSING_FINANCIAL_DATA,
production_universe_builder,HSG,MARKET_DATA_QUALITY_REVIEW,
production_universe_builder,HSG,FINANCIAL_DATA_QUALITY_REVIEW,
production_universe_builder,VHM,MISSING_FINANCIAL_DATA,
production_universe_builder,VHM,MARKET_DATA_QUALITY_REVIEW,
production_universe_builder,VHM,FINANCIAL_DATA_QUALITY_REVIEW,
production_universe_builder,KDH,MISSING_FINANCIAL_DATA,
production_universe_builder,KDH,MARKET_DATA_QUALITY_REVIEW,
production_universe_builder,KDH,FINANCIAL_DATA_QUALITY_REVIEW,
production_universe_builder,NLG,MISSING_FINANCIAL_DATA,
production_universe_builder,NLG,MARKET_DATA_QUALITY_REVIEW,
production_universe_builder,NLG,FINANCIAL_DATA_QUALITY_REVIEW,
production_universe_builder,SSI,MISSING_FINANCIAL_DATA,
production_universe_builder,SSI,MARKET_DATA_QUALITY_REVIEW,
production_universe_builder,SSI,FINANCIAL_DATA_QUALITY_REVIEW,
production_universe_builder,VND,MISSING_FINANCIAL_DATA,
production_universe_builder,VND,MARKET_DATA_QUALITY_REVIEW,
production_universe_builder,VND,FINANCIAL_DATA_QUALITY_REVIEW,
production_universe_builder,GAS,MISSING_FINANCIAL_DATA,
production_universe_builder,GAS,MARKET_DATA_QUALITY_REVIEW,
production_universe_builder,GAS,FINANCIAL_DATA_QUALITY_REVIEW,
production_universe_builder,PVS,MISSING_FINANCIAL_DATA,
production_universe_builder,PVS,MARKET_DATA_QUALITY_REVIEW,
production_universe_builder,PVS,FINANCIAL_DATA_QUALITY_REVIEW,
production_universe_builder,FPT,MISSING_FINANCIAL_DATA,
production_universe_builder,FPT,MARKET_DATA_QUALITY_REVIEW,
production_universe_builder,FPT,FINANCIAL_DATA_QUALITY_REVIEW,
production_universe_builder,MWG,MISSING_FINANCIAL_DATA,
production_universe_builder,MWG,MARKET_DATA_QUALITY_REVIEW,
production_universe_builder,MWG,FINANCIAL_DATA_QUALITY_REVIEW,
production_universe_builder,VGC,MISSING_FINANCIAL_DATA,
production_universe_builder,VGC,MARKET_DATA_QUALITY_REVIEW,
production_universe_builder,VGC,FINANCIAL_DATA_QUALITY_REVIEW,
production_universe_builder,GMD,MISSING_FINANCIAL_DATA,
production_universe_builder,GMD,MARKET_DATA_QUALITY_REVIEW,
production_universe_builder,GMD,FINANCIAL_DATA_QUALITY_REVIEW,
production_universe_builder,VHC,MISSING_FINANCIAL_DATA,
production_universe_builder,VHC,MARKET_DATA_QUALITY_REVIEW,
production_universe_builder,VHC,FINANCIAL_DATA_QUALITY_REVIEW,
production_universe_builder,TCM,MISSING_FINANCIAL_DATA,
production_universe_builder,TCM,MARKET_DATA_QUALITY_REVIEW,
production_universe_builder,TCM,FINANCIAL_DATA_QUALITY_REVIEW,
l0_trash_filter,VCB,MISSING_FINANCIAL_DATA,
l0_trash_filter,VCB,MISSING_ESSENTIAL_FINANCIAL_FIELD_NET_PROFIT,
l0_trash_filter,VCB,MISSING_ESSENTIAL_FINANCIAL_FIELD_OPERATING_CASH_FLOW,
l0_trash_filter,BID,MISSING_FINANCIAL_DATA,
l0_trash_filter,BID,MISSING_ESSENTIAL_FINANCIAL_FIELD_NET_PROFIT,
l0_trash_filter,BID,MISSING_ESSENTIAL_FINANCIAL_FIELD_OPERATING_CASH_FLOW,
l0_trash_filter,CTG,MISSING_FINANCIAL_DATA,
l0_trash_filter,CTG,MISSING_ESSENTIAL_FINANCIAL_FIELD_NET_PROFIT,
l0_trash_filter,CTG,MISSING_ESSENTIAL_FINANCIAL_FIELD_OPERATING_CASH_FLOW,
l0_trash_filter,MBB,MISSING_FINANCIAL_DATA,
l0_trash_filter,MBB,MISSING_ESSENTIAL_FINANCIAL_FIELD_NET_PROFIT,
l0_trash_filter,MBB,MISSING_ESSENTIAL_FINANCIAL_FIELD_OPERATING_CASH_FLOW,
l0_trash_filter,ACB,MISSING_FINANCIAL_DATA,
l0_trash_filter,ACB,MISSING_ESSENTIAL_FINANCIAL_FIELD_NET_PROFIT,
l0_trash_filter,ACB,MISSING_ESSENTIAL_FINANCIAL_FIELD_OPERATING_CASH_FLOW,
l0_trash_filter,HPG,MISSING_FINANCIAL_DATA,
l0_trash_filter,HPG,MISSING_ESSENTIAL_FINANCIAL_FIELD_NET_PROFIT,
l0_trash_filter,HSG,MISSING_FINANCIAL_DATA,
l0_trash_filter,HSG,VERY_LOW_LIQUIDITY,
l0_trash_filter,HSG,MISSING_ESSENTIAL_FINANCIAL_FIELD_NET_PROFIT,
l0_trash_filter,VHM,MISSING_FINANCIAL_DATA,
l0_trash_filter,VHM,MISSING_ESSENTIAL_FINANCIAL_FIELD_NET_PROFIT,
l0_trash_filter,KDH,MISSING_FINANCIAL_DATA,
l0_trash_filter,KDH,MISSING_ESSENTIAL_FINANCIAL_FIELD_NET_PROFIT,
l0_trash_filter,NLG,MISSING_FINANCIAL_DATA,
l0_trash_filter,NLG,VERY_LOW_LIQUIDITY,
l0_trash_filter,NLG,MISSING_ESSENTIAL_FINANCIAL_FIELD_NET_PROFIT,
l0_trash_filter,SSI,MISSING_FINANCIAL_DATA,
l0_trash_filter,SSI,MISSING_ESSENTIAL_FINANCIAL_FIELD_NET_PROFIT,
l0_trash_filter,VND,MISSING_FINANCIAL_DATA,
l0_trash_filter,VND,MISSING_ESSENTIAL_FINANCIAL_FIELD_NET_PROFIT,
l0_trash_filter,GAS,MISSING_FINANCIAL_DATA,
l0_trash_filter,GAS,MISSING_ESSENTIAL_FINANCIAL_FIELD_NET_PROFIT,
l0_trash_filter,PVS,MISSING_FINANCIAL_DATA,
l0_trash_filter,PVS,MISSING_ESSENTIAL_FINANCIAL_FIELD_NET_PROFIT,
l0_trash_filter,FPT,MISSING_FINANCIAL_DATA,
l0_trash_filter,FPT,MISSING_ESSENTIAL_FINANCIAL_FIELD_NET_PROFIT,
l0_trash_filter,MWG,MISSING_FINANCIAL_DATA,
l0_trash_filter,MWG,MISSING_ESSENTIAL_FINANCIAL_FIELD_NET_PROFIT,
l0_trash_filter,VGC,MISSING_FINANCIAL_DATA,
l0_trash_filter,VGC,VERY_LOW_LIQUIDITY,
l0_trash_filter,VGC,MISSING_ESSENTIAL_FINANCIAL_FIELD_NET_PROFIT,
l0_trash_filter,GMD,MISSING_FINANCIAL_DATA,
l0_trash_filter,GMD,MISSING_ESSENTIAL_FINANCIAL_FIELD_NET_PROFIT,
l0_trash_filter,VHC,MISSING_FINANCIAL_DATA,
l0_trash_filter,VHC,VERY_LOW_LIQUIDITY,
l0_trash_filter,VHC,MISSING_ESSENTIAL_FINANCIAL_FIELD_NET_PROFIT,
l0_trash_filter,TCM,MISSING_FINANCIAL_DATA,
l0_trash_filter,TCM,VERY_LOW_LIQUIDITY,
l0_trash_filter,TCM,MISSING_ESSENTIAL_FINANCIAL_FIELD_NET_PROFIT,
l0_basic_investability_filter,VCB,UPSTREAM_L0_CAUTION,
l0_basic_investability_filter,VCB,SUSPICIOUS_OUTLIER,
l0_basic_investability_filter,VCB,LOW_DATA_CONFIDENCE,
l0_basic_investability_filter,VCB,STALE_DATA,
l0_basic_investability_filter,VCB,LOW_LIQUIDITY,
l0_basic_investability_filter,VCB,MARKET_DATA_QUALITY_REVIEW,
l0_basic_investability_filter,VCB,MARKET_CAP_MISSING,
l0_basic_investability_filter,VCB,UNKNOWN_DISCLOSURE_STATUS,
l0_basic_investability_filter,VCB,LOW_DATA_COVERAGE,
l0_basic_investability_filter,VCB,SEVERE_DEBT_PRESSURE,
l0_basic_investability_filter,BID,UPSTREAM_L0_CAUTION,
l0_basic_investability_filter,BID,LOW_DATA_CONFIDENCE,
l0_basic_investability_filter,BID,STALE_DATA,
l0_basic_investability_filter,BID,LOW_LIQUIDITY,
l0_basic_investability_filter,BID,MARKET_DATA_QUALITY_REVIEW,
l0_basic_investability_filter,BID,MARKET_CAP_MISSING,
l0_basic_investability_filter,BID,UNKNOWN_DISCLOSURE_STATUS,
l0_basic_investability_filter,BID,LOW_DATA_COVERAGE,
l0_basic_investability_filter,BID,SEVERE_DEBT_PRESSURE,
l0_basic_investability_filter,CTG,UPSTREAM_L0_CAUTION,
l0_basic_investability_filter,CTG,LOW_DATA_CONFIDENCE,
l0_basic_investability_filter,CTG,STALE_DATA,
l0_basic_investability_filter,CTG,LOW_LIQUIDITY,
l0_basic_investability_filter,CTG,MARKET_DATA_QUALITY_REVIEW,
l0_basic_investability_filter,CTG,MARKET_CAP_MISSING,
l0_basic_investability_filter,CTG,UNKNOWN_DISCLOSURE_STATUS,
l0_basic_investability_filter,CTG,LOW_DATA_COVERAGE,
l0_basic_investability_filter,CTG,SEVERE_DEBT_PRESSURE,
l0_basic_investability_filter,MBB,UPSTREAM_L0_CAUTION,
l0_basic_investability_filter,MBB,SUSPICIOUS_OUTLIER,
l0_basic_investability_filter,MBB,LOW_DATA_CONFIDENCE,
l0_basic_investability_filter,MBB,STALE_DATA,
l0_basic_investability_filter,MBB,LOW_LIQUIDITY,
l0_basic_investability_filter,MBB,MARKET_DATA_QUALITY_REVIEW,
l0_basic_investability_filter,MBB,MARKET_CAP_MISSING,
l0_basic_investability_filter,MBB,UNKNOWN_DISCLOSURE_STATUS,
l0_basic_investability_filter,MBB,LOW_DATA_COVERAGE,
l0_basic_investability_filter,MBB,SEVERE_DEBT_PRESSURE,
l0_basic_investability_filter,ACB,UPSTREAM_L0_CAUTION,
l0_basic_investability_filter,ACB,SUSPICIOUS_OUTLIER,
l0_basic_investability_filter,ACB,LOW_DATA_CONFIDENCE,
l0_basic_investability_filter,ACB,STALE_DATA,
l0_basic_investability_filter,ACB,LOW_LIQUIDITY,
l0_basic_investability_filter,ACB,MARKET_DATA_QUALITY_REVIEW,
l0_basic_investability_filter,ACB,MARKET_CAP_MISSING,
l0_basic_investability_filter,ACB,UNKNOWN_DISCLOSURE_STATUS,
l0_basic_investability_filter,ACB,LOW_DATA_COVERAGE,
l0_basic_investability_filter,ACB,SEVERE_DEBT_PRESSURE,
l0_basic_investability_filter,HPG,UPSTREAM_L0_CAUTION,
l0_basic_investability_filter,HPG,SUSPICIOUS_OUTLIER,
l0_basic_investability_filter,HPG,LOW_DATA_CONFIDENCE,
l0_basic_investability_filter,HPG,STALE_DATA,
l0_basic_investability_filter,HPG,LOW_LIQUIDITY,
l0_basic_investability_filter,HPG,MARKET_DATA_QUALITY_REVIEW,
l0_basic_investability_filter,HPG,MARKET_CAP_MISSING,
l0_basic_investability_filter,HPG,UNKNOWN_DISCLOSURE_STATUS,
l0_basic_investability_filter,HPG,LOW_DATA_COVERAGE,
l0_basic_investability_filter,HSG,L0_REJECT,
l0_basic_investability_filter,VHM,UPSTREAM_L0_CAUTION,
l0_basic_investability_filter,VHM,SUSPICIOUS_OUTLIER,
l0_basic_investability_filter,VHM,LOW_DATA_CONFIDENCE,
l0_basic_investability_filter,VHM,STALE_DATA,
l0_basic_investability_filter,VHM,LOW_LIQUIDITY,
l0_basic_investability_filter,VHM,MARKET_DATA_QUALITY_REVIEW,
l0_basic_investability_filter,VHM,MARKET_CAP_MISSING,
l0_basic_investability_filter,VHM,UNKNOWN_DISCLOSURE_STATUS,
l0_basic_investability_filter,VHM,LOW_DATA_COVERAGE,
l0_basic_investability_filter,VHM,ELEVATED_DEBT_PRESSURE,
l0_basic_investability_filter,KDH,UPSTREAM_L0_CAUTION,
l0_basic_investability_filter,KDH,LOW_DATA_CONFIDENCE,
l0_basic_investability_filter,KDH,STALE_DATA,
l0_basic_investability_filter,KDH,LOW_LIQUIDITY,
l0_basic_investability_filter,KDH,MARKET_DATA_QUALITY_REVIEW,
l0_basic_investability_filter,KDH,MARKET_CAP_MISSING,
l0_basic_investability_filter,KDH,UNKNOWN_DISCLOSURE_STATUS,
l0_basic_investability_filter,KDH,LOW_DATA_COVERAGE,
l0_basic_investability_filter,KDH,INSUFFICIENT_FINANCIAL_HISTORY,
l0_basic_investability_filter,NLG,L0_REJECT,
l0_basic_investability_filter,SSI,UPSTREAM_L0_CAUTION,
l0_basic_investability_filter,SSI,SUSPICIOUS_OUTLIER,
l0_basic_investability_filter,SSI,LOW_DATA_CONFIDENCE,
l0_basic_investability_filter,SSI,STALE_DATA,
l0_basic_investability_filter,SSI,LOW_LIQUIDITY,
l0_basic_investability_filter,SSI,MARKET_DATA_QUALITY_REVIEW,
l0_basic_investability_filter,SSI,MARKET_CAP_MISSING,
l0_basic_investability_filter,SSI,UNKNOWN_DISCLOSURE_STATUS,
l0_basic_investability_filter,SSI,LOW_DATA_COVERAGE,
l0_basic_investability_filter,SSI,INSUFFICIENT_FINANCIAL_HISTORY,
l0_basic_investability_filter,VND,UPSTREAM_L0_CAUTION,
l0_basic_investability_filter,VND,SUSPICIOUS_OUTLIER,
l0_basic_investability_filter,VND,LOW_DATA_CONFIDENCE,
l0_basic_investability_filter,VND,STALE_DATA,
l0_basic_investability_filter,VND,LOW_LIQUIDITY,
l0_basic_investability_filter,VND,MARKET_DATA_QUALITY_REVIEW,
l0_basic_investability_filter,VND,MARKET_CAP_MISSING,
l0_basic_investability_filter,VND,UNKNOWN_DISCLOSURE_STATUS,
l0_basic_investability_filter,VND,LOW_DATA_COVERAGE,
l0_basic_investability_filter,GAS,UPSTREAM_L0_CAUTION,
l0_basic_investability_filter,GAS,SUSPICIOUS_OUTLIER,
l0_basic_investability_filter,GAS,LOW_DATA_CONFIDENCE,
l0_basic_investability_filter,GAS,STALE_DATA,
l0_basic_investability_filter,GAS,LOW_LIQUIDITY,
l0_basic_investability_filter,GAS,MARKET_DATA_QUALITY_REVIEW,
l0_basic_investability_filter,GAS,MARKET_CAP_MISSING,
l0_basic_investability_filter,GAS,UNKNOWN_DISCLOSURE_STATUS,
l0_basic_investability_filter,GAS,LOW_DATA_COVERAGE,
l0_basic_investability_filter,GAS,INSUFFICIENT_FINANCIAL_HISTORY,
l0_basic_investability_filter,PVS,UPSTREAM_L0_CAUTION,
l0_basic_investability_filter,PVS,SUSPICIOUS_OUTLIER,
l0_basic_investability_filter,PVS,LOW_DATA_CONFIDENCE,
l0_basic_investability_filter,PVS,STALE_DATA,
l0_basic_investability_filter,PVS,LOW_LIQUIDITY,
l0_basic_investability_filter,PVS,MARKET_DATA_QUALITY_REVIEW,
l0_basic_investability_filter,PVS,MARKET_CAP_MISSING,
l0_basic_investability_filter,PVS,UNKNOWN_DISCLOSURE_STATUS,
l0_basic_investability_filter,PVS,LOW_DATA_COVERAGE,
l0_basic_investability_filter,PVS,INSUFFICIENT_FINANCIAL_HISTORY,
l0_basic_investability_filter,FPT,UPSTREAM_L0_CAUTION,
l0_basic_investability_filter,FPT,SUSPICIOUS_OUTLIER,
l0_basic_investability_filter,FPT,LOW_DATA_CONFIDENCE,
l0_basic_investability_filter,FPT,STALE_DATA,
l0_basic_investability_filter,FPT,LOW_LIQUIDITY,
l0_basic_investability_filter,FPT,MARKET_DATA_QUALITY_REVIEW,
l0_basic_investability_filter,FPT,MARKET_CAP_MISSING,
l0_basic_investability_filter,FPT,UNKNOWN_DISCLOSURE_STATUS,
l0_basic_investability_filter,FPT,LOW_DATA_COVERAGE,
l0_basic_investability_filter,FPT,INSUFFICIENT_FINANCIAL_HISTORY,
l0_basic_investability_filter,MWG,UPSTREAM_L0_CAUTION,
l0_basic_investability_filter,MWG,SUSPICIOUS_OUTLIER,
l0_basic_investability_filter,MWG,LOW_DATA_CONFIDENCE,
l0_basic_investability_filter,MWG,STALE_DATA,
l0_basic_investability_filter,MWG,LOW_LIQUIDITY,
l0_basic_investability_filter,MWG,MARKET_DATA_QUALITY_REVIEW,
l0_basic_investability_filter,MWG,MARKET_CAP_MISSING,
l0_basic_investability_filter,MWG,UNKNOWN_DISCLOSURE_STATUS,
l0_basic_investability_filter,MWG,LOW_DATA_COVERAGE,
l0_basic_investability_filter,VGC,L0_REJECT,
l0_basic_investability_filter,GMD,UPSTREAM_L0_CAUTION,
l0_basic_investability_filter,GMD,LOW_DATA_CONFIDENCE,
l0_basic_investability_filter,GMD,STALE_DATA,
l0_basic_investability_filter,GMD,LOW_LIQUIDITY,
l0_basic_investability_filter,GMD,MARKET_DATA_QUALITY_REVIEW,
l0_basic_investability_filter,GMD,MARKET_CAP_MISSING,
l0_basic_investability_filter,GMD,UNKNOWN_DISCLOSURE_STATUS,
l0_basic_investability_filter,GMD,LOW_DATA_COVERAGE,
l0_basic_investability_filter,VHC,L0_REJECT,
l0_basic_investability_filter,TCM,L0_REJECT,
l1_business_classification,VCB,INSUFFICIENT_DATA_FOR_CLASSIFICATION,INSUFFICIENT_DATA_FOR_CLASSIFICATION
l1_business_classification,BID,INSUFFICIENT_DATA_FOR_CLASSIFICATION,INSUFFICIENT_DATA_FOR_CLASSIFICATION
l1_business_classification,CTG,INSUFFICIENT_DATA_FOR_CLASSIFICATION,INSUFFICIENT_DATA_FOR_CLASSIFICATION
l1_business_classification,MBB,INSUFFICIENT_DATA_FOR_CLASSIFICATION,INSUFFICIENT_DATA_FOR_CLASSIFICATION
l1_business_classification,ACB,INSUFFICIENT_DATA_FOR_CLASSIFICATION,INSUFFICIENT_DATA_FOR_CLASSIFICATION
l1_business_classification,HPG,INSUFFICIENT_DATA_FOR_CLASSIFICATION,INSUFFICIENT_DATA_FOR_CLASSIFICATION
l1_business_classification,HSG,FAILED_L0_BASIC_INVESTABILITY,FAILED_L0_BASIC_INVESTABILITY
l1_business_classification,VHM,INSUFFICIENT_DATA_FOR_CLASSIFICATION,INSUFFICIENT_DATA_FOR_CLASSIFICATION
l1_business_classification,KDH,INSUFFICIENT_DATA_FOR_CLASSIFICATION,INSUFFICIENT_DATA_FOR_CLASSIFICATION
l1_business_classification,NLG,FAILED_L0_BASIC_INVESTABILITY,FAILED_L0_BASIC_INVESTABILITY
l1_business_classification,SSI,INSUFFICIENT_DATA_FOR_CLASSIFICATION,INSUFFICIENT_DATA_FOR_CLASSIFICATION
l1_business_classification,VND,INSUFFICIENT_DATA_FOR_CLASSIFICATION,INSUFFICIENT_DATA_FOR_CLASSIFICATION
l1_business_classification,GAS,INSUFFICIENT_DATA_FOR_CLASSIFICATION,INSUFFICIENT_DATA_FOR_CLASSIFICATION
l1_business_classification,PVS,INSUFFICIENT_DATA_FOR_CLASSIFICATION,INSUFFICIENT_DATA_FOR_CLASSIFICATION
l1_business_classification,FPT,INSUFFICIENT_DATA_FOR_CLASSIFICATION,INSUFFICIENT_DATA_FOR_CLASSIFICATION
l1_business_classification,MWG,INSUFFICIENT_DATA_FOR_CLASSIFICATION,INSUFFICIENT_DATA_FOR_CLASSIFICATION
l1_business_classification,VGC,FAILED_L0_BASIC_INVESTABILITY,FAILED_L0_BASIC_INVESTABILITY
l1_business_classification,GMD,INSUFFICIENT_DATA_FOR_CLASSIFICATION,INSUFFICIENT_DATA_FOR_CLASSIFICATION
l1_business_classification,VHC,FAILED_L0_BASIC_INVESTABILITY,FAILED_L0_BASIC_INVESTABILITY
l1_business_classification,TCM,FAILED_L0_BASIC_INVESTABILITY,FAILED_L0_BASIC_INVESTABILITY
archetype_templates,VCB,UNKNOWN_ARCHETYPE_TEMPLATE,INSUFFICIENT_DATA_FOR_CLASSIFICATION
archetype_templates,BID,UNKNOWN_ARCHETYPE_TEMPLATE,INSUFFICIENT_DATA_FOR_CLASSIFICATION
archetype_templates,CTG,UNKNOWN_ARCHETYPE_TEMPLATE,INSUFFICIENT_DATA_FOR_CLASSIFICATION
archetype_templates,MBB,UNKNOWN_ARCHETYPE_TEMPLATE,INSUFFICIENT_DATA_FOR_CLASSIFICATION
archetype_templates,ACB,UNKNOWN_ARCHETYPE_TEMPLATE,INSUFFICIENT_DATA_FOR_CLASSIFICATION
archetype_templates,HPG,UNKNOWN_ARCHETYPE_TEMPLATE,INSUFFICIENT_DATA_FOR_CLASSIFICATION
archetype_templates,HSG,UNKNOWN_ARCHETYPE_TEMPLATE,FAILED_L0_BASIC_INVESTABILITY
archetype_templates,VHM,UNKNOWN_ARCHETYPE_TEMPLATE,INSUFFICIENT_DATA_FOR_CLASSIFICATION
archetype_templates,KDH,UNKNOWN_ARCHETYPE_TEMPLATE,INSUFFICIENT_DATA_FOR_CLASSIFICATION
archetype_templates,NLG,UNKNOWN_ARCHETYPE_TEMPLATE,FAILED_L0_BASIC_INVESTABILITY
archetype_templates,SSI,UNKNOWN_ARCHETYPE_TEMPLATE,INSUFFICIENT_DATA_FOR_CLASSIFICATION
archetype_templates,VND,UNKNOWN_ARCHETYPE_TEMPLATE,INSUFFICIENT_DATA_FOR_CLASSIFICATION
archetype_templates,GAS,UNKNOWN_ARCHETYPE_TEMPLATE,INSUFFICIENT_DATA_FOR_CLASSIFICATION
archetype_templates,PVS,UNKNOWN_ARCHETYPE_TEMPLATE,INSUFFICIENT_DATA_FOR_CLASSIFICATION
archetype_templates,FPT,UNKNOWN_ARCHETYPE_TEMPLATE,INSUFFICIENT_DATA_FOR_CLASSIFICATION
archetype_templates,MWG,UNKNOWN_ARCHETYPE_TEMPLATE,INSUFFICIENT_DATA_FOR_CLASSIFICATION
archetype_templates,VGC,UNKNOWN_ARCHETYPE_TEMPLATE,FAILED_L0_BASIC_INVESTABILITY
archetype_templates,GMD,UNKNOWN_ARCHETYPE_TEMPLATE,INSUFFICIENT_DATA_FOR_CLASSIFICATION
archetype_templates,VHC,UNKNOWN_ARCHETYPE_TEMPLATE,FAILED_L0_BASIC_INVESTABILITY
archetype_templates,TCM,UNKNOWN_ARCHETYPE_TEMPLATE,FAILED_L0_BASIC_INVESTABILITY
driver_registry,VCB,INSUFFICIENT_DATA_FOR_CLASSIFICATION,
driver_registry,VCB,NOT_ELIGIBLE_FOR_DRIVER_RESOLUTION,
driver_registry,BID,INSUFFICIENT_DATA_FOR_CLASSIFICATION,
driver_registry,BID,NOT_ELIGIBLE_FOR_DRIVER_RESOLUTION,
driver_registry,CTG,INSUFFICIENT_DATA_FOR_CLASSIFICATION,
driver_registry,CTG,NOT_ELIGIBLE_FOR_DRIVER_RESOLUTION,
driver_registry,MBB,INSUFFICIENT_DATA_FOR_CLASSIFICATION,
driver_registry,MBB,NOT_ELIGIBLE_FOR_DRIVER_RESOLUTION,
driver_registry,ACB,INSUFFICIENT_DATA_FOR_CLASSIFICATION,
driver_registry,ACB,NOT_ELIGIBLE_FOR_DRIVER_RESOLUTION,
driver_registry,HPG,INSUFFICIENT_DATA_FOR_CLASSIFICATION,
driver_registry,HPG,NOT_ELIGIBLE_FOR_DRIVER_RESOLUTION,
driver_registry,HSG,FAILED_L0_BASIC_INVESTABILITY,
driver_registry,HSG,NOT_ELIGIBLE_FOR_DRIVER_RESOLUTION,
driver_registry,VHM,INSUFFICIENT_DATA_FOR_CLASSIFICATION,
driver_registry,VHM,NOT_ELIGIBLE_FOR_DRIVER_RESOLUTION,
driver_registry,KDH,INSUFFICIENT_DATA_FOR_CLASSIFICATION,
driver_registry,KDH,NOT_ELIGIBLE_FOR_DRIVER_RESOLUTION,
driver_registry,NLG,FAILED_L0_BASIC_INVESTABILITY,
driver_registry,NLG,NOT_ELIGIBLE_FOR_DRIVER_RESOLUTION,
driver_registry,SSI,INSUFFICIENT_DATA_FOR_CLASSIFICATION,
driver_registry,SSI,NOT_ELIGIBLE_FOR_DRIVER_RESOLUTION,
driver_registry,VND,INSUFFICIENT_DATA_FOR_CLASSIFICATION,
driver_registry,VND,NOT_ELIGIBLE_FOR_DRIVER_RESOLUTION,
driver_registry,GAS,INSUFFICIENT_DATA_FOR_CLASSIFICATION,
driver_registry,GAS,NOT_ELIGIBLE_FOR_DRIVER_RESOLUTION,
driver_registry,PVS,INSUFFICIENT_DATA_FOR_CLASSIFICATION,
driver_registry,PVS,NOT_ELIGIBLE_FOR_DRIVER_RESOLUTION,
driver_registry,FPT,INSUFFICIENT_DATA_FOR_CLASSIFICATION,
driver_registry,FPT,NOT_ELIGIBLE_FOR_DRIVER_RESOLUTION,
driver_registry,MWG,INSUFFICIENT_DATA_FOR_CLASSIFICATION,
driver_registry,MWG,NOT_ELIGIBLE_FOR_DRIVER_RESOLUTION,
driver_registry,VGC,FAILED_L0_BASIC_INVESTABILITY,
driver_registry,VGC,NOT_ELIGIBLE_FOR_DRIVER_RESOLUTION,
driver_registry,GMD,INSUFFICIENT_DATA_FOR_CLASSIFICATION,
driver_registry,GMD,NOT_ELIGIBLE_FOR_DRIVER_RESOLUTION,
driver_registry,VHC,FAILED_L0_BASIC_INVESTABILITY,
driver_registry,VHC,NOT_ELIGIBLE_FOR_DRIVER_RESOLUTION,
driver_registry,TCM,FAILED_L0_BASIC_INVESTABILITY,
driver_registry,TCM,NOT_ELIGIBLE_FOR_DRIVER_RESOLUTION,
indicator_registry,VCB,UNKNOWN_ARCHETYPE_FOR_INDICATOR_MAPPING,
indicator_registry,VCB,UNKNOWN_MICRO_SECTOR_FOR_INDICATOR_MAPPING,
indicator_registry,BID,UNKNOWN_ARCHETYPE_FOR_INDICATOR_MAPPING,
indicator_registry,BID,UNKNOWN_MICRO_SECTOR_FOR_INDICATOR_MAPPING,
indicator_registry,CTG,UNKNOWN_ARCHETYPE_FOR_INDICATOR_MAPPING,
indicator_registry,CTG,UNKNOWN_MICRO_SECTOR_FOR_INDICATOR_MAPPING,
indicator_registry,MBB,UNKNOWN_ARCHETYPE_FOR_INDICATOR_MAPPING,
indicator_registry,MBB,UNKNOWN_MICRO_SECTOR_FOR_INDICATOR_MAPPING,
indicator_registry,ACB,UNKNOWN_ARCHETYPE_FOR_INDICATOR_MAPPING,
indicator_registry,ACB,UNKNOWN_MICRO_SECTOR_FOR_INDICATOR_MAPPING,
indicator_registry,HPG,UNKNOWN_ARCHETYPE_FOR_INDICATOR_MAPPING,
indicator_registry,HPG,UNKNOWN_MICRO_SECTOR_FOR_INDICATOR_MAPPING,
indicator_registry,HSG,UNKNOWN_ARCHETYPE_FOR_INDICATOR_MAPPING,
indicator_registry,HSG,UNKNOWN_MICRO_SECTOR_FOR_INDICATOR_MAPPING,
indicator_registry,VHM,UNKNOWN_ARCHETYPE_FOR_INDICATOR_MAPPING,
indicator_registry,VHM,UNKNOWN_MICRO_SECTOR_FOR_INDICATOR_MAPPING,
indicator_registry,KDH,UNKNOWN_ARCHETYPE_FOR_INDICATOR_MAPPING,
indicator_registry,KDH,UNKNOWN_MICRO_SECTOR_FOR_INDICATOR_MAPPING,
indicator_registry,NLG,UNKNOWN_ARCHETYPE_FOR_INDICATOR_MAPPING,
indicator_registry,NLG,UNKNOWN_MICRO_SECTOR_FOR_INDICATOR_MAPPING,
indicator_registry,SSI,UNKNOWN_ARCHETYPE_FOR_INDICATOR_MAPPING,
indicator_registry,SSI,UNKNOWN_MICRO_SECTOR_FOR_INDICATOR_MAPPING,
indicator_registry,VND,UNKNOWN_ARCHETYPE_FOR_INDICATOR_MAPPING,
indicator_registry,VND,UNKNOWN_MICRO_SECTOR_FOR_INDICATOR_MAPPING,
indicator_registry,GAS,UNKNOWN_ARCHETYPE_FOR_INDICATOR_MAPPING,
indicator_registry,GAS,UNKNOWN_MICRO_SECTOR_FOR_INDICATOR_MAPPING,
indicator_registry,PVS,UNKNOWN_ARCHETYPE_FOR_INDICATOR_MAPPING,
indicator_registry,PVS,UNKNOWN_MICRO_SECTOR_FOR_INDICATOR_MAPPING,
indicator_registry,FPT,UNKNOWN_ARCHETYPE_FOR_INDICATOR_MAPPING,
indicator_registry,FPT,UNKNOWN_MICRO_SECTOR_FOR_INDICATOR_MAPPING,
indicator_registry,MWG,UNKNOWN_ARCHETYPE_FOR_INDICATOR_MAPPING,
indicator_registry,MWG,UNKNOWN_MICRO_SECTOR_FOR_INDICATOR_MAPPING,
indicator_registry,VGC,UNKNOWN_ARCHETYPE_FOR_INDICATOR_MAPPING,
indicator_registry,VGC,UNKNOWN_MICRO_SECTOR_FOR_INDICATOR_MAPPING,
indicator_registry,GMD,UNKNOWN_ARCHETYPE_FOR_INDICATOR_MAPPING,
indicator_registry,GMD,UNKNOWN_MICRO_SECTOR_FOR_INDICATOR_MAPPING,
indicator_registry,VHC,UNKNOWN_ARCHETYPE_FOR_INDICATOR_MAPPING,
indicator_registry,VHC,UNKNOWN_MICRO_SECTOR_FOR_INDICATOR_MAPPING,
indicator_registry,TCM,UNKNOWN_ARCHETYPE_FOR_INDICATOR_MAPPING,
indicator_registry,TCM,UNKNOWN_MICRO_SECTOR_FOR_INDICATOR_MAPPING,
sector_cycle_engine,,UNKNOWN_MICRO_SECTOR_FOR_SECTOR_CYCLE,Unknown micro-sector; sector-cycle scoring requires manual review.
disclosure_status,VCB,DISCLOSURE_DATA_UNAVAILABLE,"absence of disclosure rows is unknown/unavailable, not clean"
disclosure_status,BID,DISCLOSURE_DATA_UNAVAILABLE,"absence of disclosure rows is unknown/unavailable, not clean"
disclosure_status,CTG,DISCLOSURE_DATA_UNAVAILABLE,"absence of disclosure rows is unknown/unavailable, not clean"
disclosure_status,MBB,DISCLOSURE_DATA_UNAVAILABLE,"absence of disclosure rows is unknown/unavailable, not clean"
disclosure_status,ACB,DISCLOSURE_DATA_UNAVAILABLE,"absence of disclosure rows is unknown/unavailable, not clean"
disclosure_status,HPG,DISCLOSURE_DATA_UNAVAILABLE,"absence of disclosure rows is unknown/unavailable, not clean"
disclosure_status,HSG,DISCLOSURE_DATA_UNAVAILABLE,"absence of disclosure rows is unknown/unavailable, not clean"
disclosure_status,VHM,DISCLOSURE_DATA_UNAVAILABLE,"absence of disclosure rows is unknown/unavailable, not clean"
disclosure_status,KDH,DISCLOSURE_DATA_UNAVAILABLE,"absence of disclosure rows is unknown/unavailable, not clean"
disclosure_status,NLG,DISCLOSURE_DATA_UNAVAILABLE,"absence of disclosure rows is unknown/unavailable, not clean"
disclosure_status,SSI,DISCLOSURE_DATA_UNAVAILABLE,"absence of disclosure rows is unknown/unavailable, not clean"
disclosure_status,VND,DISCLOSURE_DATA_UNAVAILABLE,"absence of disclosure rows is unknown/unavailable, not clean"
disclosure_status,GAS,DISCLOSURE_DATA_UNAVAILABLE,"absence of disclosure rows is unknown/unavailable, not clean"
disclosure_status,PVS,DISCLOSURE_DATA_UNAVAILABLE,"absence of disclosure rows is unknown/unavailable, not clean"
disclosure_status,FPT,DISCLOSURE_DATA_UNAVAILABLE,"absence of disclosure rows is unknown/unavailable, not clean"
disclosure_status,MWG,DISCLOSURE_DATA_UNAVAILABLE,"absence of disclosure rows is unknown/unavailable, not clean"
disclosure_status,VGC,DISCLOSURE_DATA_UNAVAILABLE,"absence of disclosure rows is unknown/unavailable, not clean"
disclosure_status,GMD,DISCLOSURE_DATA_UNAVAILABLE,"absence of disclosure rows is unknown/unavailable, not clean"
disclosure_status,VHC,DISCLOSURE_DATA_UNAVAILABLE,"absence of disclosure rows is unknown/unavailable, not clean"
disclosure_status,TCM,DISCLOSURE_DATA_UNAVAILABLE,"absence of disclosure rows is unknown/unavailable, not clean"
