ticker,exchange,company_name,screening_status,market_source_confidence,finance_source_confidence,crosscheck_status,verification_status,manual_review_required,manual_bctc_required,independent_market_crosscheck_required_later,finance_crosscheck_required_later,evidence_debt_reason,missing_fields,block_reasons,reason_to_review,last_price_date,last_close,avg_volume_20d,avg_volume_60d,last_volume,stale_days,trading_days_60d,recent_trading_value,market_fetch_status,finance_missing_fields,finance_quality_status,finance_source_layer,source,source_family,fetch_time,batch_id
HNP,UPCoM,Công ty Cổ phần Hanel Xốp Nhựa,BLOCKED_INSUFFICIENT_MARKET_DATA,PROVISIONAL_PRIMARY_ONLY,PROVISIONAL_LOW,NOT_AVAILABLE,NEEDS_MANUAL_BCTC_REVIEW,True,False,True,True,"[""Market source remains primary-only."", ""Finance source remains provisional low."", ""Independent source-family confirmation is not available."", ""Manual BCTC review is required before deeper analysis.""]","[""avg_volume_20d"", ""capex"", ""cfo"", ""equity"", ""gross_profit"", ""last_close"", ""last_price_date"", ""net_income"", ""revenue"", ""total_assets"", ""total_liabilities""]","[""Primary market data missing or incomplete.""]",Primary market data missing or incomplete.,,,,,,,,,,"[""capex"", ""cfo"", ""equity"", ""gross_profit"", ""net_income"", ""revenue"", ""total_assets"", ""total_liabilities""]",INSUFFICIENT_DATA,provisional_structured,vnstock_finance_v1,vnstock,2026-05-27T10:59:46.986484,batch_0008
HNR,UPCoM,Công ty Cổ phần Rượu và Nước Giải Khát Hà Nội,BLOCKED_INSUFFICIENT_MARKET_DATA,PROVISIONAL_PRIMARY_ONLY,PROVISIONAL_LOW,NOT_AVAILABLE,NEEDS_MANUAL_BCTC_REVIEW,True,False,True,True,"[""Market source remains primary-only."", ""Finance source remains provisional low."", ""Independent source-family confirmation is not available."", ""Manual BCTC review is required before deeper analysis.""]","[""avg_volume_20d"", ""capex"", ""cfo"", ""equity"", ""gross_profit"", ""last_close"", ""last_price_date"", ""net_income"", ""revenue"", ""total_assets"", ""total_liabilities""]","[""Primary market data missing or incomplete.""]",Primary market data missing or incomplete.,,,,,,,,,,"[""capex"", ""cfo"", ""equity"", ""gross_profit"", ""net_income"", ""revenue"", ""total_assets"", ""total_liabilities""]",INSUFFICIENT_DATA,provisional_structured,vnstock_finance_v1,vnstock,2026-05-27T10:59:52.984641,batch_0008
HNT,UPCoM,Công ty Cổ phần Xe điện Hà Nội,BLOCKED_INSUFFICIENT_MARKET_DATA,PROVISIONAL_PRIMARY_ONLY,PROVISIONAL_LOW,NOT_AVAILABLE,NEEDS_MANUAL_BCTC_REVIEW,True,False,True,True,"[""Market source remains primary-only."", ""Finance source remains provisional low."", ""Independent source-family confirmation is not available."", ""Manual BCTC review is required before deeper analysis.""]","[""capex"", ""cfo"", ""equity"", ""gross_profit"", ""last_close"", ""last_price_date"", ""net_income"", ""revenue"", ""total_assets"", ""total_liabilities""]","[""Primary market data missing or incomplete.""]",Primary market data missing or incomplete.,,,725.0,,725.0,,,,,"[""capex"", ""cfo"", ""equity"", ""gross_profit"", ""net_income"", ""revenue"", ""total_assets"", ""total_liabilities""]",PARTIAL_PROVISIONAL_DATA,provisional_structured,vnstock_finance_v1,vnstock,2026-05-27T10:59:58.508709,batch_0008
HOM,HNX,Công ty Cổ phần Xi măng VICEM Hoàng Mai,BLOCKED_INSUFFICIENT_MARKET_DATA,PROVISIONAL_PRIMARY_ONLY,PROVISIONAL_LOW,NOT_AVAILABLE,NEEDS_MANUAL_BCTC_REVIEW,True,False,True,True,"[""Market source remains primary-only."", ""Finance source remains provisional low."", ""Independent source-family confirmation is not available."", ""Manual BCTC review is required before deeper analysis.""]","[""capex"", ""cfo"", ""equity"", ""gross_profit"", ""last_close"", ""last_price_date"", ""net_income"", ""revenue"", ""total_assets"", ""total_liabilities""]","[""Primary market data missing or incomplete.""]",Primary market data missing or incomplete.,,,15660.0,,15660.0,,,,,"[""capex"", ""cfo"", ""equity"", ""gross_profit"", ""net_income"", ""revenue"", ""total_assets"", ""total_liabilities""]",PARTIAL_PROVISIONAL_DATA,provisional_structured,vnstock_finance_v1,vnstock,2026-05-27T11:00:06.493580,batch_0008
HOT,UPCoM,Công ty Cổ phần Du lịch - Dịch vụ Hội An,BLOCKED_INSUFFICIENT_MARKET_DATA,PROVISIONAL_PRIMARY_ONLY,PROVISIONAL_LOW,NOT_AVAILABLE,NEEDS_MANUAL_BCTC_REVIEW,True,False,True,True,"[""Market source remains primary-only."", ""Finance source remains provisional low."", ""Independent source-family confirmation is not available."", ""Manual BCTC review is required before deeper analysis.""]","[""capex"", ""cfo"", ""equity"", ""gross_profit"", ""last_close"", ""last_price_date"", ""net_income"", ""revenue"", ""total_assets"", ""total_liabilities""]","[""Primary market data missing or incomplete.""]",Primary market data missing or incomplete.,,,40.0,,40.0,,,,,"[""capex"", ""cfo"", ""equity"", ""gross_profit"", ""net_income"", ""revenue"", ""total_assets"", ""total_liabilities""]",PARTIAL_PROVISIONAL_DATA,provisional_structured,vnstock_finance_v1,vnstock,2026-05-27T11:00:11.980354,batch_0008
HPA,HOSE,Công ty Cổ phần Phát triển Nông nghiệp Hoà Phát,BLOCKED_INSUFFICIENT_MARKET_DATA,PROVISIONAL_PRIMARY_ONLY,PROVISIONAL_LOW,NOT_AVAILABLE,NEEDS_MANUAL_BCTC_REVIEW,True,False,True,True,"[""Market source remains primary-only."", ""Finance source remains provisional low."", ""Independent source-family confirmation is not available."", ""Manual BCTC review is required before deeper analysis.""]","[""avg_volume_20d"", ""capex"", ""cfo"", ""equity"", ""gross_profit"", ""last_close"", ""last_price_date"", ""net_income"", ""revenue"", ""total_assets"", ""total_liabilities""]","[""Primary market data missing or incomplete.""]",Primary market data missing or incomplete.,,,,,,,,,,"[""capex"", ""cfo"", ""equity"", ""gross_profit"", ""net_income"", ""revenue"", ""total_assets"", ""total_liabilities""]",INSUFFICIENT_DATA,provisional_structured,vnstock_finance_v1,vnstock,2026-05-27T11:00:18.577145,batch_0008
HPB,UPCoM,Công ty Cổ phần Bao bì PP,BLOCKED_INSUFFICIENT_MARKET_DATA,PROVISIONAL_PRIMARY_ONLY,PROVISIONAL_LOW,NOT_AVAILABLE,NEEDS_MANUAL_BCTC_REVIEW,True,False,True,True,"[""Market source remains primary-only."", ""Finance source remains provisional low."", ""Independent source-family confirmation is not available."", ""Manual BCTC review is required before deeper analysis.""]","[""capex"", ""cfo"", ""equity"", ""gross_profit"", ""last_close"", ""last_price_date"", ""net_income"", ""revenue"", ""total_assets"", ""total_liabilities""]","[""Primary market data missing or incomplete.""]",Primary market data missing or incomplete.,,,310.0,,310.0,,,,,"[""capex"", ""cfo"", ""equity"", ""gross_profit"", ""net_income"", ""revenue"", ""total_assets"", ""total_liabilities""]",PARTIAL_PROVISIONAL_DATA,provisional_structured,vnstock_finance_v1,vnstock,2026-05-27T11:00:24.724218,batch_0008
HPD,UPCoM,Công ty Cổ phần Thủy điện Đăk Đoa,BLOCKED_INSUFFICIENT_MARKET_DATA,PROVISIONAL_PRIMARY_ONLY,PROVISIONAL_LOW,NOT_AVAILABLE,NEEDS_MANUAL_BCTC_REVIEW,True,False,True,True,"[""Market source remains primary-only."", ""Finance source remains provisional low."", ""Independent source-family confirmation is not available."", ""Manual BCTC review is required before deeper analysis.""]","[""capex"", ""cfo"", ""equity"", ""gross_profit"", ""last_close"", ""last_price_date"", ""net_income"", ""revenue"", ""total_assets"", ""total_liabilities""]","[""Primary market data missing or incomplete.""]",Primary market data missing or incomplete.,,,4690.0,,4690.0,,,,,"[""capex"", ""cfo"", ""equity"", ""gross_profit"", ""net_income"", ""revenue"", ""total_assets"", ""total_liabilities""]",PARTIAL_PROVISIONAL_DATA,provisional_structured,vnstock_finance_v1,vnstock,2026-05-27T11:00:32.299839,batch_0008
HPG,HOSE,Công ty Cổ phần Tập đoàn Hòa Phát,BLOCKED_INSUFFICIENT_MARKET_DATA,PROVISIONAL_PRIMARY_ONLY,PROVISIONAL_LOW,NOT_AVAILABLE,NEEDS_MANUAL_BCTC_REVIEW,True,False,True,True,"[""Market source remains primary-only."", ""Finance source remains provisional low."", ""Independent source-family confirmation is not available."", ""Manual BCTC review is required before deeper analysis.""]","[""capex"", ""cfo"", ""equity"", ""gross_profit"", ""last_close"", ""last_price_date"", ""net_income"", ""revenue"", ""total_assets"", ""total_liabilities""]","[""Primary market data missing or incomplete.""]",Primary market data missing or incomplete.,,,30908050.0,,30908050.0,,,,,"[""capex"", ""cfo"", ""equity"", ""gross_profit"", ""net_income"", ""revenue"", ""total_assets"", ""total_liabilities""]",PARTIAL_PROVISIONAL_DATA,provisional_structured,vnstock_finance_v1,vnstock,2026-05-27T11:00:42.863780,batch_0008
HPH,UPCoM,Công ty Cổ phần Hóa Chất Hưng Phát Hà Bắc,BLOCKED_INSUFFICIENT_MARKET_DATA,PROVISIONAL_PRIMARY_ONLY,PROVISIONAL_LOW,NOT_AVAILABLE,NEEDS_MANUAL_BCTC_REVIEW,True,False,True,True,"[""Market source remains primary-only."", ""Finance source remains provisional low."", ""Independent source-family confirmation is not available."", ""Manual BCTC review is required before deeper analysis.""]","[""avg_volume_20d"", ""capex"", ""cfo"", ""equity"", ""gross_profit"", ""last_close"", ""last_price_date"", ""net_income"", ""revenue"", ""total_assets"", ""total_liabilities""]","[""Primary market data missing or incomplete.""]",Primary market data missing or incomplete.,,,,,,,,,,"[""capex"", ""cfo"", ""equity"", ""gross_profit"", ""net_income"", ""revenue"", ""total_assets"", ""total_liabilities""]",INSUFFICIENT_DATA,provisional_structured,vnstock_finance_v1,vnstock,2026-05-27T11:00:50.637739,batch_0008
HPI,UPCoM,Công ty Cổ phần Khu công nghiệp Hiệp Phước,BLOCKED_INSUFFICIENT_MARKET_DATA,PROVISIONAL_PRIMARY_ONLY,PROVISIONAL_LOW,NOT_AVAILABLE,NEEDS_MANUAL_BCTC_REVIEW,True,False,True,True,"[""Market source remains primary-only."", ""Finance source remains provisional low."", ""Independent source-family confirmation is not available."", ""Manual BCTC review is required before deeper analysis.""]","[""avg_volume_20d"", ""capex"", ""cfo"", ""equity"", ""gross_profit"", ""last_close"", ""last_price_date"", ""net_income"", ""revenue"", ""total_assets"", ""total_liabilities""]","[""Primary market data missing or incomplete.""]",Primary market data missing or incomplete.,,,,,,,,,,"[""capex"", ""cfo"", ""equity"", ""gross_profit"", ""net_income"", ""revenue"", ""total_assets"", ""total_liabilities""]",INSUFFICIENT_DATA,provisional_structured,vnstock_finance_v1,vnstock,2026-05-27T11:00:56.671288,batch_0008
HPM,UPCoM,Công ty Cổ phần Xây dựng Thương mại và Khoáng sản Hoàng Phúc,BLOCKED_INSUFFICIENT_MARKET_DATA,PROVISIONAL_PRIMARY_ONLY,PROVISIONAL_LOW,NOT_AVAILABLE,NEEDS_MANUAL_BCTC_REVIEW,True,False,True,True,"[""Market source remains primary-only."", ""Finance source remains provisional low."", ""Independent source-family confirmation is not available."", ""Manual BCTC review is required before deeper analysis.""]","[""capex"", ""cfo"", ""equity"", ""gross_profit"", ""last_close"", ""last_price_date"", ""net_income"", ""revenue"", ""total_assets"", ""total_liabilities""]","[""Primary market data missing or incomplete.""]",Primary market data missing or incomplete.,,,10.0,,10.0,,,,,"[""capex"", ""cfo"", ""equity"", ""gross_profit"", ""net_income"", ""revenue"", ""total_assets"", ""total_liabilities""]",PARTIAL_PROVISIONAL_DATA,provisional_structured,vnstock_finance_v1,vnstock,2026-05-27T11:01:03.432762,batch_0008
HPO,UPCoM,Công ty Cổ phần Công nghiệp Hapulico,BLOCKED_INSUFFICIENT_MARKET_DATA,PROVISIONAL_PRIMARY_ONLY,PROVISIONAL_LOW,NOT_AVAILABLE,NEEDS_MANUAL_BCTC_REVIEW,True,False,True,True,"[""Market source remains primary-only."", ""Finance source remains provisional low."", ""Independent source-family confirmation is not available."", ""Manual BCTC review is required before deeper analysis.""]","[""avg_volume_20d"", ""capex"", ""cfo"", ""equity"", ""gross_profit"", ""last_close"", ""last_price_date"", ""net_income"", ""revenue"", ""total_assets"", ""total_liabilities""]","[""Primary market data missing or incomplete.""]",Primary market data missing or incomplete.,,,,,,,,,,"[""capex"", ""cfo"", ""equity"", ""gross_profit"", ""net_income"", ""revenue"", ""total_assets"", ""total_liabilities""]",INSUFFICIENT_DATA,provisional_structured,vnstock_finance_v1,vnstock,2026-05-27T11:01:09.682981,batch_0008
HPP,UPCoM,Công ty Cổ phần Sơn Hải Phòng,BLOCKED_INSUFFICIENT_MARKET_DATA,PROVISIONAL_PRIMARY_ONLY,PROVISIONAL_LOW,NOT_AVAILABLE,NEEDS_MANUAL_BCTC_REVIEW,True,False,True,True,"[""Market source remains primary-only."", ""Finance source remains provisional low."", ""Independent source-family confirmation is not available."", ""Manual BCTC review is required before deeper analysis.""]","[""capex"", ""cfo"", ""equity"", ""gross_profit"", ""last_close"", ""last_price_date"", ""net_income"", ""revenue"", ""total_assets"", ""total_liabilities""]","[""Primary market data missing or incomplete.""]",Primary market data missing or incomplete.,,,1860.0,,1860.0,,,,,"[""capex"", ""cfo"", ""equity"", ""gross_profit"", ""net_income"", ""revenue"", ""total_assets"", ""total_liabilities""]",PARTIAL_PROVISIONAL_DATA,provisional_structured,vnstock_finance_v1,vnstock,2026-05-27T11:01:17.201396,batch_0008
HPT,UPCoM,Công ty Cổ phần Dịch vụ Công nghệ Tin học HPT,BLOCKED_INSUFFICIENT_MARKET_DATA,PROVISIONAL_PRIMARY_ONLY,PROVISIONAL_LOW,NOT_AVAILABLE,NEEDS_MANUAL_BCTC_REVIEW,True,False,True,True,"[""Market source remains primary-only."", ""Finance source remains provisional low."", ""Independent source-family confirmation is not available."", ""Manual BCTC review is required before deeper analysis.""]","[""capex"", ""cfo"", ""equity"", ""gross_profit"", ""last_close"", ""last_price_date"", ""net_income"", ""revenue"", ""total_assets"", ""total_liabilities""]","[""Primary market data missing or incomplete.""]",Primary market data missing or incomplete.,,,1650.0,,1650.0,,,,,"[""capex"", ""cfo"", ""equity"", ""gross_profit"", ""net_income"", ""revenue"", ""total_assets"", ""total_liabilities""]",PARTIAL_PROVISIONAL_DATA,provisional_structured,vnstock_finance_v1,vnstock,2026-05-27T11:01:24.422485,batch_0008
HPW,UPCoM,Công ty Cổ phần Cấp nước Hải Phòng,BLOCKED_INSUFFICIENT_MARKET_DATA,PROVISIONAL_PRIMARY_ONLY,PROVISIONAL_LOW,NOT_AVAILABLE,NEEDS_MANUAL_BCTC_REVIEW,True,False,True,True,"[""Market source remains primary-only."", ""Finance source remains provisional low."", ""Independent source-family confirmation is not available."", ""Manual BCTC review is required before deeper analysis.""]","[""capex"", ""cfo"", ""equity"", ""gross_profit"", ""last_close"", ""last_price_date"", ""net_income"", ""revenue"", ""total_assets"", ""total_liabilities""]","[""Primary market data missing or incomplete.""]",Primary market data missing or incomplete.,,,70.0,,70.0,,,,,"[""capex"", ""cfo"", ""equity"", ""gross_profit"", ""net_income"", ""revenue"", ""total_assets"", ""total_liabilities""]",PARTIAL_PROVISIONAL_DATA,provisional_structured,vnstock_finance_v1,vnstock,2026-05-27T11:01:31.394914,batch_0008
HPX,HOSE,Công ty Cổ phần Đầu tư Hải Phát,BLOCKED_INSUFFICIENT_MARKET_DATA,PROVISIONAL_PRIMARY_ONLY,PROVISIONAL_LOW,NOT_AVAILABLE,NEEDS_MANUAL_BCTC_REVIEW,True,False,True,True,"[""Market source remains primary-only."", ""Finance source remains provisional low."", ""Independent source-family confirmation is not available."", ""Manual BCTC review is required before deeper analysis.""]","[""capex"", ""cfo"", ""equity"", ""gross_profit"", ""last_close"", ""last_price_date"", ""net_income"", ""revenue"", ""total_assets"", ""total_liabilities""]","[""Primary market data missing or incomplete.""]",Primary market data missing or incomplete.,,,376530.0,,376530.0,,,,,"[""capex"", ""cfo"", ""equity"", ""gross_profit"", ""net_income"", ""revenue"", ""total_assets"", ""total_liabilities""]",PARTIAL_PROVISIONAL_DATA,provisional_structured,vnstock_finance_v1,vnstock,2026-05-27T11:01:38.546560,batch_0008
HQC,HOSE,Công ty Cổ phần Tư vấn - Thương mại - Dịch vụ Địa ốc Hoàng Quân,BLOCKED_INSUFFICIENT_MARKET_DATA,PROVISIONAL_PRIMARY_ONLY,PROVISIONAL_LOW,NOT_AVAILABLE,NEEDS_MANUAL_BCTC_REVIEW,True,False,True,True,"[""Market source remains primary-only."", ""Finance source remains provisional low."", ""Independent source-family confirmation is not available."", ""Manual BCTC review is required before deeper analysis.""]","[""capex"", ""cfo"", ""equity"", ""gross_profit"", ""last_close"", ""last_price_date"", ""net_income"", ""revenue"", ""total_assets"", ""total_liabilities""]","[""Primary market data missing or incomplete.""]",Primary market data missing or incomplete.,,,1951850.0,,1951850.0,,,,,"[""capex"", ""cfo"", ""equity"", ""gross_profit"", ""net_income"", ""revenue"", ""total_assets"", ""total_liabilities""]",PARTIAL_PROVISIONAL_DATA,provisional_structured,vnstock_finance_v1,vnstock,2026-05-27T11:01:46.149649,batch_0008
HRB,UPCoM,Công ty Cổ phần Harec Đầu tư và Thương Mại,BLOCKED_INSUFFICIENT_MARKET_DATA,PROVISIONAL_PRIMARY_ONLY,PROVISIONAL_LOW,NOT_AVAILABLE,NEEDS_MANUAL_BCTC_REVIEW,True,False,True,True,"[""Market source remains primary-only."", ""Finance source remains provisional low."", ""Independent source-family confirmation is not available."", ""Manual BCTC review is required before deeper analysis.""]","[""avg_volume_20d"", ""capex"", ""cfo"", ""equity"", ""gross_profit"", ""last_close"", ""last_price_date"", ""net_income"", ""revenue"", ""total_assets"", ""total_liabilities""]","[""Primary market data missing or incomplete.""]",Primary market data missing or incomplete.,,,,,,,,,,"[""capex"", ""cfo"", ""equity"", ""gross_profit"", ""net_income"", ""revenue"", ""total_assets"", ""total_liabilities""]",INSUFFICIENT_DATA,provisional_structured,vnstock_finance_v1,vnstock,2026-05-27T11:01:53.892113,batch_0008
HRC,HOSE,Công ty Cổ phần Cao su Hòa Bình,BLOCKED_INSUFFICIENT_MARKET_DATA,PROVISIONAL_PRIMARY_ONLY,PROVISIONAL_LOW,NOT_AVAILABLE,NEEDS_MANUAL_BCTC_REVIEW,True,False,True,True,"[""Market source remains primary-only."", ""Finance source remains provisional low."", ""Independent source-family confirmation is not available."", ""Manual BCTC review is required before deeper analysis.""]","[""capex"", ""cfo"", ""equity"", ""gross_profit"", ""last_price_date"", ""net_income"", ""revenue"", ""total_assets"", ""total_liabilities""]","[""Primary market data missing or incomplete.""]",Primary market data missing or incomplete.,,48.0,20130.0,,20130.0,,,966240.0,,"[""capex"", ""cfo"", ""equity"", ""gross_profit"", ""net_income"", ""revenue"", ""total_assets"", ""total_liabilities""]",PARTIAL_PROVISIONAL_DATA,provisional_structured,vnstock_finance_v1,vnstock,2026-05-27T11:01:59.798959,batch_0008
HRT,UPCoM,Công ty cổ phần Vận tải Đường sắt Hà Nội,BLOCKED_INSUFFICIENT_MARKET_DATA,PROVISIONAL_PRIMARY_ONLY,PROVISIONAL_LOW,NOT_AVAILABLE,NEEDS_MANUAL_BCTC_REVIEW,True,False,True,True,"[""Market source remains primary-only."", ""Finance source remains provisional low."", ""Independent source-family confirmation is not available."", ""Manual BCTC review is required before deeper analysis.""]","[""capex"", ""cfo"", ""equity"", ""gross_profit"", ""last_price_date"", ""net_income"", ""revenue"", ""total_assets"", ""total_liabilities""]","[""Primary market data missing or incomplete.""]",Primary market data missing or incomplete.,,13.8,3985.0,,3985.0,,,54993.0,,"[""capex"", ""cfo"", ""equity"", ""gross_profit"", ""net_income"", ""revenue"", ""total_assets"", ""total_liabilities""]",PARTIAL_PROVISIONAL_DATA,provisional_structured,vnstock_finance_v1,vnstock,2026-05-27T11:02:13.276525,batch_0008
HSA,UPCoM,Công ty Cổ phần HESTIA,BLOCKED_INSUFFICIENT_MARKET_DATA,PROVISIONAL_PRIMARY_ONLY,PROVISIONAL_LOW,NOT_AVAILABLE,NEEDS_MANUAL_BCTC_REVIEW,True,False,True,True,"[""Market source remains primary-only."", ""Finance source remains provisional low."", ""Independent source-family confirmation is not available."", ""Manual BCTC review is required before deeper analysis.""]","[""avg_volume_20d"", ""capex"", ""cfo"", ""equity"", ""gross_profit"", ""last_close"", ""last_price_date"", ""net_income"", ""revenue"", ""total_assets"", ""total_liabilities""]","[""Primary market data missing or incomplete.""]",Primary market data missing or incomplete.,,,,,,,,,,"[""capex"", ""cfo"", ""equity"", ""gross_profit"", ""net_income"", ""revenue"", ""total_assets"", ""total_liabilities""]",INSUFFICIENT_DATA,provisional_structured,vnstock_finance_v1,vnstock,2026-05-27T11:02:19.340335,batch_0008
HSG,HOSE,Công ty Cổ phần Tập đoàn Hoa Sen,BLOCKED_INSUFFICIENT_MARKET_DATA,PROVISIONAL_PRIMARY_ONLY,PROVISIONAL_LOW,NOT_AVAILABLE,NEEDS_MANUAL_BCTC_REVIEW,True,False,True,True,"[""Market source remains primary-only."", ""Finance source remains provisional low."", ""Independent source-family confirmation is not available."", ""Manual BCTC review is required before deeper analysis.""]","[""capex"", ""cfo"", ""equity"", ""gross_profit"", ""last_close"", ""last_price_date"", ""net_income"", ""revenue"", ""total_assets"", ""total_liabilities""]","[""Primary market data missing or incomplete.""]",Primary market data missing or incomplete.,,,3608840.0,,3608840.0,,,,,"[""capex"", ""cfo"", ""equity"", ""gross_profit"", ""net_income"", ""revenue"", ""total_assets"", ""total_liabilities""]",PARTIAL_PROVISIONAL_DATA,provisional_structured,vnstock_finance_v1,vnstock,2026-05-27T11:02:25.970555,batch_0008
HSI,UPCoM,Công ty Cổ phần Vật tư Tổng hợp và Phân bón Hóa sinh,BLOCKED_INSUFFICIENT_MARKET_DATA,PROVISIONAL_PRIMARY_ONLY,PROVISIONAL_LOW,NOT_AVAILABLE,NEEDS_MANUAL_BCTC_REVIEW,True,False,True,True,"[""Market source remains primary-only."", ""Finance source remains provisional low."", ""Independent source-family confirmation is not available."", ""Manual BCTC review is required before deeper analysis.""]","[""capex"", ""cfo"", ""equity"", ""gross_profit"", ""last_close"", ""last_price_date"", ""net_income"", ""revenue"", ""total_assets"", ""total_liabilities""]","[""Primary market data missing or incomplete.""]",Primary market data missing or incomplete.,,,32790.0,,32790.0,,,,,"[""capex"", ""cfo"", ""equity"", ""gross_profit"", ""net_income"", ""revenue"", ""total_assets"", ""total_liabilities""]",PARTIAL_PROVISIONAL_DATA,provisional_structured,vnstock_finance_v1,vnstock,2026-05-27T11:02:32.882069,batch_0008
HSL,HOSE,Công ty Cổ phần Đầu tư Phát triển Thực phẩm Hồng Hà,BLOCKED_INSUFFICIENT_MARKET_DATA,PROVISIONAL_PRIMARY_ONLY,PROVISIONAL_LOW,NOT_AVAILABLE,NEEDS_MANUAL_BCTC_REVIEW,True,False,True,True,"[""Market source remains primary-only."", ""Finance source remains provisional low."", ""Independent source-family confirmation is not available."", ""Manual BCTC review is required before deeper analysis.""]","[""capex"", ""cfo"", ""equity"", ""gross_profit"", ""last_price_date"", ""net_income"", ""revenue"", ""total_assets"", ""total_liabilities""]","[""Primary market data missing or incomplete.""]",Primary market data missing or incomplete.,,4.73,164020.0,,164020.0,,,775814.6,,"[""capex"", ""cfo"", ""equity"", ""gross_profit"", ""net_income"", ""revenue"", ""total_assets"", ""total_liabilities""]",PARTIAL_PROVISIONAL_DATA,provisional_structured,vnstock_finance_v1,vnstock,2026-05-27T11:02:38.808397,batch_0008
HSM,UPCoM,Tổng Công ty Cổ phần Dệt May Hà Nội,BLOCKED_INSUFFICIENT_MARKET_DATA,PROVISIONAL_PRIMARY_ONLY,PROVISIONAL_LOW,NOT_AVAILABLE,NEEDS_MANUAL_BCTC_REVIEW,True,False,True,True,"[""Market source remains primary-only."", ""Finance source remains provisional low."", ""Independent source-family confirmation is not available."", ""Manual BCTC review is required before deeper analysis.""]","[""capex"", ""cfo"", ""equity"", ""gross_profit"", ""last_close"", ""last_price_date"", ""net_income"", ""revenue"", ""total_assets"", ""total_liabilities""]","[""Primary market data missing or incomplete.""]",Primary market data missing or incomplete.,,,3210.0,,3210.0,,,,,"[""capex"", ""cfo"", ""equity"", ""gross_profit"", ""net_income"", ""revenue"", ""total_assets"", ""total_liabilities""]",PARTIAL_PROVISIONAL_DATA,provisional_structured,vnstock_finance_v1,vnstock,2026-05-27T11:02:44.919048,batch_0008
HSP,UPCoM,Công ty Cổ phần Sơn Tổng hợp Hà Nội,BLOCKED_INSUFFICIENT_MARKET_DATA,PROVISIONAL_PRIMARY_ONLY,PROVISIONAL_LOW,NOT_AVAILABLE,NEEDS_MANUAL_BCTC_REVIEW,True,False,True,True,"[""Market source remains primary-only."", ""Finance source remains provisional low."", ""Independent source-family confirmation is not available."", ""Manual BCTC review is required before deeper analysis.""]","[""capex"", ""cfo"", ""equity"", ""gross_profit"", ""last_close"", ""last_price_date"", ""net_income"", ""revenue"", ""total_assets"", ""total_liabilities""]","[""Primary market data missing or incomplete.""]",Primary market data missing or incomplete.,,,970.0,,970.0,,,,,"[""capex"", ""cfo"", ""equity"", ""gross_profit"", ""net_income"", ""revenue"", ""total_assets"", ""total_liabilities""]",PARTIAL_PROVISIONAL_DATA,provisional_structured,vnstock_finance_v1,vnstock,2026-05-27T11:02:51.200245,batch_0008
HSV,UPCoM,Công ty Cổ phần Tập đoàn HSV Việt Nam,BLOCKED_INSUFFICIENT_MARKET_DATA,PROVISIONAL_PRIMARY_ONLY,PROVISIONAL_LOW,NOT_AVAILABLE,NEEDS_MANUAL_BCTC_REVIEW,True,False,True,True,"[""Market source remains primary-only."", ""Finance source remains provisional low."", ""Independent source-family confirmation is not available."", ""Manual BCTC review is required before deeper analysis.""]","[""capex"", ""cfo"", ""equity"", ""gross_profit"", ""last_close"", ""last_price_date"", ""net_income"", ""revenue"", ""total_assets"", ""total_liabilities""]","[""Primary market data missing or incomplete.""]",Primary market data missing or incomplete.,,,21900.0,,21900.0,,,,,"[""capex"", ""cfo"", ""equity"", ""gross_profit"", ""net_income"", ""revenue"", ""total_assets"", ""total_liabilities""]",PARTIAL_PROVISIONAL_DATA,provisional_structured,vnstock_finance_v1,vnstock,2026-05-27T11:02:56.800496,batch_0008
HT1,HOSE,Công ty Cổ phần Xi măng VICEM Hà Tiên,BLOCKED_INSUFFICIENT_MARKET_DATA,PROVISIONAL_PRIMARY_ONLY,PROVISIONAL_LOW,NOT_AVAILABLE,NEEDS_MANUAL_BCTC_REVIEW,True,False,True,True,"[""Market source remains primary-only."", ""Finance source remains provisional low."", ""Independent source-family confirmation is not available."", ""Manual BCTC review is required before deeper analysis.""]","[""capex"", ""cfo"", ""equity"", ""gross_profit"", ""last_close"", ""last_price_date"", ""net_income"", ""revenue"", ""total_assets"", ""total_liabilities""]","[""Primary market data missing or incomplete.""]",Primary market data missing or incomplete.,,,256690.0,,256690.0,,,,,"[""capex"", ""cfo"", ""equity"", ""gross_profit"", ""net_income"", ""revenue"", ""total_assets"", ""total_liabilities""]",PARTIAL_PROVISIONAL_DATA,provisional_structured,vnstock_finance_v1,vnstock,2026-05-27T11:03:03.361651,batch_0008
HTC,HNX,Công ty Cổ phần Thương mại Hóc Môn,BLOCKED_INSUFFICIENT_MARKET_DATA,PROVISIONAL_PRIMARY_ONLY,PROVISIONAL_LOW,NOT_AVAILABLE,NEEDS_MANUAL_BCTC_REVIEW,True,False,True,True,"[""Market source remains primary-only."", ""Finance source remains provisional low."", ""Independent source-family confirmation is not available."", ""Manual BCTC review is required before deeper analysis.""]","[""capex"", ""cfo"", ""equity"", ""gross_profit"", ""last_close"", ""last_price_date"", ""net_income"", ""revenue"", ""total_assets"", ""total_liabilities""]","[""Primary market data missing or incomplete.""]",Primary market data missing or incomplete.,,,3570.0,,3570.0,,,,,"[""capex"", ""cfo"", ""equity"", ""gross_profit"", ""net_income"", ""revenue"", ""total_assets"", ""total_liabilities""]",PARTIAL_PROVISIONAL_DATA,provisional_structured,vnstock_finance_v1,vnstock,2026-05-27T11:03:12.101436,batch_0008
HTE,UPCoM,Công ty Cổ phần Đầu tư Kinh doanh Điện lực Thành phố Hồ Chí Minh,BLOCKED_INSUFFICIENT_MARKET_DATA,PROVISIONAL_PRIMARY_ONLY,PROVISIONAL_LOW,NOT_AVAILABLE,NEEDS_MANUAL_BCTC_REVIEW,True,False,True,True,"[""Market source remains primary-only."", ""Finance source remains provisional low."", ""Independent source-family confirmation is not available."", ""Manual BCTC review is required before deeper analysis.""]","[""capex"", ""cfo"", ""equity"", ""gross_profit"", ""last_close"", ""last_price_date"", ""net_income"", ""revenue"", ""total_assets"", ""total_liabilities""]","[""Primary market data missing or incomplete.""]",Primary market data missing or incomplete.,,,7680.0,,7680.0,,,,,"[""capex"", ""cfo"", ""equity"", ""gross_profit"", ""net_income"", ""revenue"", ""total_assets"", ""total_liabilities""]",PARTIAL_PROVISIONAL_DATA,provisional_structured,vnstock_finance_v1,vnstock,2026-05-27T11:03:18.212417,batch_0008
HTG,HOSE,Tổng Công ty Cổ phần Dệt may Hòa Thọ,BLOCKED_INSUFFICIENT_MARKET_DATA,PROVISIONAL_PRIMARY_ONLY,PROVISIONAL_LOW,NOT_AVAILABLE,NEEDS_MANUAL_BCTC_REVIEW,True,False,True,True,"[""Market source remains primary-only."", ""Finance source remains provisional low."", ""Independent source-family confirmation is not available."", ""Manual BCTC review is required before deeper analysis.""]","[""capex"", ""cfo"", ""equity"", ""gross_profit"", ""last_close"", ""last_price_date"", ""net_income"", ""revenue"", ""total_assets"", ""total_liabilities""]","[""Primary market data missing or incomplete.""]",Primary market data missing or incomplete.,,,6960.0,,6960.0,,,,,"[""capex"", ""cfo"", ""equity"", ""gross_profit"", ""net_income"", ""revenue"", ""total_assets"", ""total_liabilities""]",PARTIAL_PROVISIONAL_DATA,provisional_structured,vnstock_finance_v1,vnstock,2026-05-27T11:03:24.126080,batch_0008
HTH,UPCoM,Công ty Cổ phần Hoa tiêu Hàng hải - TKV,BLOCKED_INSUFFICIENT_MARKET_DATA,PROVISIONAL_PRIMARY_ONLY,PROVISIONAL_LOW,NOT_AVAILABLE,NEEDS_MANUAL_BCTC_REVIEW,True,False,True,True,"[""Market source remains primary-only."", ""Finance source remains provisional low."", ""Independent source-family confirmation is not available."", ""Manual BCTC review is required before deeper analysis.""]","[""avg_volume_20d"", ""capex"", ""cfo"", ""equity"", ""gross_profit"", ""last_close"", ""last_price_date"", ""net_income"", ""revenue"", ""total_assets"", ""total_liabilities""]","[""Primary market data missing or incomplete.""]",Primary market data missing or incomplete.,,,,,,,,,,"[""capex"", ""cfo"", ""equity"", ""gross_profit"", ""net_income"", ""revenue"", ""total_assets"", ""total_liabilities""]",INSUFFICIENT_DATA,provisional_structured,vnstock_finance_v1,vnstock,2026-05-27T11:03:30.893404,batch_0008
HTI,HOSE,Công ty Cổ phần Đầu tư Phát triển Hạ tầng IDICO,BLOCKED_INSUFFICIENT_MARKET_DATA,PROVISIONAL_PRIMARY_ONLY,PROVISIONAL_LOW,NOT_AVAILABLE,NEEDS_MANUAL_BCTC_REVIEW,True,False,True,True,"[""Market source remains primary-only."", ""Finance source remains provisional low."", ""Independent source-family confirmation is not available."", ""Manual BCTC review is required before deeper analysis.""]","[""capex"", ""cfo"", ""equity"", ""gross_profit"", ""last_close"", ""last_price_date"", ""net_income"", ""revenue"", ""total_assets"", ""total_liabilities""]","[""Primary market data missing or incomplete.""]",Primary market data missing or incomplete.,,,24990.0,,24990.0,,,,,"[""capex"", ""cfo"", ""equity"", ""gross_profit"", ""net_income"", ""revenue"", ""total_assets"", ""total_liabilities""]",PARTIAL_PROVISIONAL_DATA,provisional_structured,vnstock_finance_v1,vnstock,2026-05-27T11:03:36.723664,batch_0008
HTK,UPCoM,Công ty cổ phần Đăng kiểm xe cơ giới Hải Dương,BLOCKED_INSUFFICIENT_MARKET_DATA,PROVISIONAL_PRIMARY_ONLY,PROVISIONAL_LOW,NOT_AVAILABLE,NEEDS_MANUAL_BCTC_REVIEW,True,False,True,True,"[""Market source remains primary-only."", ""Finance source remains provisional low."", ""Independent source-family confirmation is not available."", ""Manual BCTC review is required before deeper analysis.""]","[""avg_volume_20d"", ""capex"", ""cfo"", ""equity"", ""gross_profit"", ""last_close"", ""last_price_date"", ""net_income"", ""revenue"", ""total_assets"", ""total_liabilities""]","[""Primary market data missing or incomplete.""]",Primary market data missing or incomplete.,,,,,,,,,,"[""capex"", ""cfo"", ""equity"", ""gross_profit"", ""net_income"", ""revenue"", ""total_assets"", ""total_liabilities""]",INSUFFICIENT_DATA,provisional_structured,vnstock_finance_v1,vnstock,2026-05-27T11:03:42.374212,batch_0008
HTL,HOSE,Công ty Cổ phần Kỹ thuật và Ô tô Trường Long,BLOCKED_INSUFFICIENT_MARKET_DATA,PROVISIONAL_PRIMARY_ONLY,PROVISIONAL_LOW,NOT_AVAILABLE,NEEDS_MANUAL_BCTC_REVIEW,True,False,True,True,"[""Market source remains primary-only."", ""Finance source remains provisional low."", ""Independent source-family confirmation is not available."", ""Manual BCTC review is required before deeper analysis.""]","[""capex"", ""cfo"", ""equity"", ""gross_profit"", ""last_close"", ""last_price_date"", ""net_income"", ""revenue"", ""total_assets"", ""total_liabilities""]","[""Primary market data missing or incomplete.""]",Primary market data missing or incomplete.,,,1080.0,,1080.0,,,,,"[""capex"", ""cfo"", ""equity"", ""gross_profit"", ""net_income"", ""revenue"", ""total_assets"", ""total_liabilities""]",PARTIAL_PROVISIONAL_DATA,provisional_structured,vnstock_finance_v1,vnstock,2026-05-27T11:03:48.932037,batch_0008
HTM,UPCoM,Tổng Công ty Thương mại Hà Nội – Công ty cổ phần,BLOCKED_INSUFFICIENT_MARKET_DATA,PROVISIONAL_PRIMARY_ONLY,PROVISIONAL_LOW,NOT_AVAILABLE,NEEDS_MANUAL_BCTC_REVIEW,True,False,True,True,"[""Market source remains primary-only."", ""Finance source remains provisional low."", ""Independent source-family confirmation is not available."", ""Manual BCTC review is required before deeper analysis.""]","[""capex"", ""cfo"", ""equity"", ""gross_profit"", ""last_close"", ""last_price_date"", ""net_income"", ""revenue"", ""total_assets"", ""total_liabilities""]","[""Primary market data missing or incomplete.""]",Primary market data missing or incomplete.,,,670.0,,670.0,,,,,"[""capex"", ""cfo"", ""equity"", ""gross_profit"", ""net_income"", ""revenue"", ""total_assets"", ""total_liabilities""]",PARTIAL_PROVISIONAL_DATA,provisional_structured,vnstock_finance_v1,vnstock,2026-05-27T11:03:55.590238,batch_0008
HTN,HOSE,Công ty Cổ phần Hưng Thịnh Incons,BLOCKED_INSUFFICIENT_MARKET_DATA,PROVISIONAL_PRIMARY_ONLY,PROVISIONAL_LOW,NOT_AVAILABLE,NEEDS_MANUAL_BCTC_REVIEW,True,False,True,True,"[""Market source remains primary-only."", ""Finance source remains provisional low."", ""Independent source-family confirmation is not available."", ""Manual BCTC review is required before deeper analysis.""]","[""capex"", ""cfo"", ""equity"", ""gross_profit"", ""last_close"", ""last_price_date"", ""net_income"", ""revenue"", ""total_assets"", ""total_liabilities""]","[""Primary market data missing or incomplete.""]",Primary market data missing or incomplete.,,,117870.0,,117870.0,,,,,"[""capex"", ""cfo"", ""equity"", ""gross_profit"", ""net_income"", ""revenue"", ""total_assets"", ""total_liabilities""]",PARTIAL_PROVISIONAL_DATA,provisional_structured,vnstock_finance_v1,vnstock,2026-05-27T11:04:02.477297,batch_0008
HTP,UPCoM,Công ty Cổ phần In Sách Giáo Khoa Hòa Phát,BLOCKED_INSUFFICIENT_MARKET_DATA,PROVISIONAL_PRIMARY_ONLY,PROVISIONAL_LOW,NOT_AVAILABLE,NEEDS_MANUAL_BCTC_REVIEW,True,False,True,True,"[""Market source remains primary-only."", ""Finance source remains provisional low."", ""Independent source-family confirmation is not available."", ""Manual BCTC review is required before deeper analysis.""]","[""capex"", ""cfo"", ""equity"", ""gross_profit"", ""last_close"", ""last_price_date"", ""net_income"", ""revenue"", ""total_assets"", ""total_liabilities""]","[""Primary market data missing or incomplete.""]",Primary market data missing or incomplete.,,,48760.0,,48760.0,,,,,"[""capex"", ""cfo"", ""equity"", ""gross_profit"", ""net_income"", ""revenue"", ""total_assets"", ""total_liabilities""]",PARTIAL_PROVISIONAL_DATA,provisional_structured,vnstock_finance_v1,vnstock,2026-05-27T11:04:08.691452,batch_0008
HTR,UPCoM,Công ty Cổ phần Đường sắt Hà Thái,BLOCKED_INSUFFICIENT_MARKET_DATA,PROVISIONAL_PRIMARY_ONLY,PROVISIONAL_LOW,NOT_AVAILABLE,NEEDS_MANUAL_BCTC_REVIEW,True,False,True,True,"[""Market source remains primary-only."", ""Finance source remains provisional low."", ""Independent source-family confirmation is not available."", ""Manual BCTC review is required before deeper analysis.""]","[""capex"", ""cfo"", ""equity"", ""gross_profit"", ""last_close"", ""last_price_date"", ""net_income"", ""revenue"", ""total_assets"", ""total_liabilities""]","[""Primary market data missing or incomplete.""]",Primary market data missing or incomplete.,,,1550.0,,1550.0,,,,,"[""capex"", ""cfo"", ""equity"", ""gross_profit"", ""net_income"", ""revenue"", ""total_assets"", ""total_liabilities""]",PARTIAL_PROVISIONAL_DATA,provisional_structured,vnstock_finance_v1,vnstock,2026-05-27T11:04:14.451894,batch_0008
HTT,UPCoM,Công ty Cổ phần Thương mại Hà Tây,BLOCKED_INSUFFICIENT_MARKET_DATA,PROVISIONAL_PRIMARY_ONLY,PROVISIONAL_LOW,NOT_AVAILABLE,NEEDS_MANUAL_BCTC_REVIEW,True,False,True,True,"[""Market source remains primary-only."", ""Finance source remains provisional low."", ""Independent source-family confirmation is not available."", ""Manual BCTC review is required before deeper analysis.""]","[""capex"", ""cfo"", ""equity"", ""gross_profit"", ""last_close"", ""last_price_date"", ""net_income"", ""revenue"", ""total_assets"", ""total_liabilities""]","[""Primary market data missing or incomplete.""]",Primary market data missing or incomplete.,,,11645.0,,11645.0,,,,,"[""capex"", ""cfo"", ""equity"", ""gross_profit"", ""net_income"", ""revenue"", ""total_assets"", ""total_liabilities""]",PARTIAL_PROVISIONAL_DATA,provisional_structured,vnstock_finance_v1,vnstock,2026-05-27T11:04:21.820640,batch_0008
HTV,HOSE,Công ty Cổ phần Logistics Vicem,BLOCKED_INSUFFICIENT_MARKET_DATA,PROVISIONAL_PRIMARY_ONLY,PROVISIONAL_LOW,NOT_AVAILABLE,NEEDS_MANUAL_BCTC_REVIEW,True,False,True,True,"[""Market source remains primary-only."", ""Finance source remains provisional low."", ""Independent source-family confirmation is not available."", ""Manual BCTC review is required before deeper analysis.""]","[""capex"", ""cfo"", ""equity"", ""gross_profit"", ""last_close"", ""last_price_date"", ""net_income"", ""revenue"", ""total_assets"", ""total_liabilities""]","[""Primary market data missing or incomplete.""]",Primary market data missing or incomplete.,,,1760.0,,1760.0,,,,,"[""capex"", ""cfo"", ""equity"", ""gross_profit"", ""net_income"", ""revenue"", ""total_assets"", ""total_liabilities""]",PARTIAL_PROVISIONAL_DATA,provisional_structured,vnstock_finance_v1,vnstock,2026-05-27T11:04:27.837668,batch_0008
HTW,UPCoM,Công ty Cổ phần Cấp nước Hà Tĩnh,BLOCKED_INSUFFICIENT_MARKET_DATA,PROVISIONAL_PRIMARY_ONLY,PROVISIONAL_LOW,NOT_AVAILABLE,NEEDS_MANUAL_BCTC_REVIEW,True,False,True,True,"[""Market source remains primary-only."", ""Finance source remains provisional low."", ""Independent source-family confirmation is not available."", ""Manual BCTC review is required before deeper analysis.""]","[""avg_volume_20d"", ""capex"", ""cfo"", ""equity"", ""gross_profit"", ""last_close"", ""last_price_date"", ""net_income"", ""revenue"", ""total_assets"", ""total_liabilities""]","[""Primary market data missing or incomplete.""]",Primary market data missing or incomplete.,,,,,,,,,,"[""capex"", ""cfo"", ""equity"", ""gross_profit"", ""net_income"", ""revenue"", ""total_assets"", ""total_liabilities""]",INSUFFICIENT_DATA,provisional_structured,vnstock_finance_v1,vnstock,2026-05-27T11:04:33.457269,batch_0008
HU1,HOSE,Công ty Cổ phần Đầu tư và Xây dựng HUD1,BLOCKED_INSUFFICIENT_MARKET_DATA,PROVISIONAL_PRIMARY_ONLY,PROVISIONAL_LOW,NOT_AVAILABLE,NEEDS_MANUAL_BCTC_REVIEW,True,False,True,True,"[""Market source remains primary-only."", ""Finance source remains provisional low."", ""Independent source-family confirmation is not available."", ""Manual BCTC review is required before deeper analysis.""]","[""capex"", ""cfo"", ""equity"", ""gross_profit"", ""last_close"", ""last_price_date"", ""net_income"", ""revenue"", ""total_assets"", ""total_liabilities""]","[""Primary market data missing or incomplete.""]",Primary market data missing or incomplete.,,,320.0,,320.0,,,,,"[""capex"", ""cfo"", ""equity"", ""gross_profit"", ""net_income"", ""revenue"", ""total_assets"", ""total_liabilities""]",PARTIAL_PROVISIONAL_DATA,provisional_structured,vnstock_finance_v1,vnstock,2026-05-27T11:04:41.082135,batch_0008
HU3,UPCoM,Công ty Cổ phần Đầu tư và Xây dựng HUD3,BLOCKED_INSUFFICIENT_MARKET_DATA,PROVISIONAL_PRIMARY_ONLY,PROVISIONAL_LOW,NOT_AVAILABLE,NEEDS_MANUAL_BCTC_REVIEW,True,False,True,True,"[""Market source remains primary-only."", ""Finance source remains provisional low."", ""Independent source-family confirmation is not available."", ""Manual BCTC review is required before deeper analysis.""]","[""capex"", ""cfo"", ""equity"", ""gross_profit"", ""last_close"", ""last_price_date"", ""net_income"", ""revenue"", ""total_assets"", ""total_liabilities""]","[""Primary market data missing or incomplete.""]",Primary market data missing or incomplete.,,,1380.0,,1380.0,,,,,"[""capex"", ""cfo"", ""equity"", ""gross_profit"", ""net_income"", ""revenue"", ""total_assets"", ""total_liabilities""]",PARTIAL_PROVISIONAL_DATA,provisional_structured,vnstock_finance_v1,vnstock,2026-05-27T11:04:46.904730,batch_0008
HU4,UPCoM,Công ty Cổ phần Đầu tư và Xây dựng HUD4,BLOCKED_INSUFFICIENT_MARKET_DATA,PROVISIONAL_PRIMARY_ONLY,PROVISIONAL_LOW,NOT_AVAILABLE,NEEDS_MANUAL_BCTC_REVIEW,True,False,True,True,"[""Market source remains primary-only."", ""Finance source remains provisional low."", ""Independent source-family confirmation is not available."", ""Manual BCTC review is required before deeper analysis.""]","[""capex"", ""cfo"", ""equity"", ""gross_profit"", ""last_close"", ""last_price_date"", ""net_income"", ""revenue"", ""total_assets"", ""total_liabilities""]","[""Primary market data missing or incomplete.""]",Primary market data missing or incomplete.,,,870.0,,870.0,,,,,"[""capex"", ""cfo"", ""equity"", ""gross_profit"", ""net_income"", ""revenue"", ""total_assets"", ""total_liabilities""]",PARTIAL_PROVISIONAL_DATA,provisional_structured,vnstock_finance_v1,vnstock,2026-05-27T11:04:53.537189,batch_0008
HU6,UPCoM,Công ty Cổ phần Đầu tư Phát triển Nhà và Đô thị HUD6,BLOCKED_INSUFFICIENT_MARKET_DATA,PROVISIONAL_PRIMARY_ONLY,PROVISIONAL_LOW,NOT_AVAILABLE,NEEDS_MANUAL_BCTC_REVIEW,True,False,True,True,"[""Market source remains primary-only."", ""Finance source remains provisional low."", ""Independent source-family confirmation is not available."", ""Manual BCTC review is required before deeper analysis.""]","[""capex"", ""cfo"", ""equity"", ""gross_profit"", ""last_close"", ""last_price_date"", ""net_income"", ""revenue"", ""total_assets"", ""total_liabilities""]","[""Primary market data missing or incomplete.""]",Primary market data missing or incomplete.,,,320.0,,320.0,,,,,"[""capex"", ""cfo"", ""equity"", ""gross_profit"", ""net_income"", ""revenue"", ""total_assets"", ""total_liabilities""]",PARTIAL_PROVISIONAL_DATA,provisional_structured,vnstock_finance_v1,vnstock,2026-05-27T11:04:59.372539,batch_0008
HUB,HOSE,Công ty Cổ phần Xây lắp Thừa Thiên Huế,BLOCKED_INSUFFICIENT_MARKET_DATA,PROVISIONAL_PRIMARY_ONLY,PROVISIONAL_LOW,NOT_AVAILABLE,NEEDS_MANUAL_BCTC_REVIEW,True,False,True,True,"[""Market source remains primary-only."", ""Finance source remains provisional low."", ""Independent source-family confirmation is not available."", ""Manual BCTC review is required before deeper analysis.""]","[""capex"", ""cfo"", ""equity"", ""gross_profit"", ""last_close"", ""last_price_date"", ""net_income"", ""revenue"", ""total_assets"", ""total_liabilities""]","[""Primary market data missing or incomplete.""]",Primary market data missing or incomplete.,,,19970.0,,19970.0,,,,,"[""capex"", ""cfo"", ""equity"", ""gross_profit"", ""net_income"", ""revenue"", ""total_assets"", ""total_liabilities""]",PARTIAL_PROVISIONAL_DATA,provisional_structured,vnstock_finance_v1,vnstock,2026-05-27T11:05:05.623323,batch_0008
HUG,UPCoM,Tổng công ty May Hưng Yên - Công ty Cổ phần,BLOCKED_INSUFFICIENT_MARKET_DATA,PROVISIONAL_PRIMARY_ONLY,PROVISIONAL_LOW,NOT_AVAILABLE,NEEDS_MANUAL_BCTC_REVIEW,True,False,True,True,"[""Market source remains primary-only."", ""Finance source remains provisional low."", ""Independent source-family confirmation is not available."", ""Manual BCTC review is required before deeper analysis.""]","[""capex"", ""cfo"", ""equity"", ""gross_profit"", ""last_close"", ""last_price_date"", ""net_income"", ""revenue"", ""total_assets"", ""total_liabilities""]","[""Primary market data missing or incomplete.""]",Primary market data missing or incomplete.,,,100.0,,100.0,,,,,"[""capex"", ""cfo"", ""equity"", ""gross_profit"", ""net_income"", ""revenue"", ""total_assets"", ""total_liabilities""]",PARTIAL_PROVISIONAL_DATA,provisional_structured,vnstock_finance_v1,vnstock,2026-05-27T11:05:11.486572,batch_0008
HUT,HNX,Công ty Cổ phần Tasco,BLOCKED_INSUFFICIENT_MARKET_DATA,PROVISIONAL_PRIMARY_ONLY,PROVISIONAL_LOW,NOT_AVAILABLE,NEEDS_MANUAL_BCTC_REVIEW,True,False,True,True,"[""Market source remains primary-only."", ""Finance source remains provisional low."", ""Independent source-family confirmation is not available."", ""Manual BCTC review is required before deeper analysis.""]","[""capex"", ""cfo"", ""equity"", ""gross_profit"", ""last_price_date"", ""net_income"", ""revenue"", ""total_assets"", ""total_liabilities""]","[""Primary market data missing or incomplete.""]",Primary market data missing or incomplete.,,15.4,1588440.0,,1588440.0,,,24461976.0,,"[""capex"", ""cfo"", ""equity"", ""gross_profit"", ""net_income"", ""revenue"", ""total_assets"", ""total_liabilities""]",PARTIAL_PROVISIONAL_DATA,provisional_structured,vnstock_finance_v1,vnstock,2026-05-27T11:05:17.699380,batch_0008
HUX,UPCoM,Công ty Cổ phần Khoáng sản Thừa Thiên Huế,BLOCKED_INSUFFICIENT_MARKET_DATA,PROVISIONAL_PRIMARY_ONLY,PROVISIONAL_LOW,NOT_AVAILABLE,NEEDS_MANUAL_BCTC_REVIEW,True,False,True,True,"[""Market source remains primary-only."", ""Finance source remains provisional low."", ""Independent source-family confirmation is not available."", ""Manual BCTC review is required before deeper analysis.""]","[""avg_volume_20d"", ""capex"", ""cfo"", ""equity"", ""gross_profit"", ""last_close"", ""last_price_date"", ""net_income"", ""revenue"", ""total_assets"", ""total_liabilities""]","[""Primary market data missing or incomplete.""]",Primary market data missing or incomplete.,,,,,,,,,,"[""capex"", ""cfo"", ""equity"", ""gross_profit"", ""net_income"", ""revenue"", ""total_assets"", ""total_liabilities""]",INSUFFICIENT_DATA,provisional_structured,vnstock_finance_v1,vnstock,2026-05-27T11:05:24.656995,batch_0008
HVA,UPCoM,Công ty Cổ phần Đầu tư HVA,BLOCKED_INSUFFICIENT_MARKET_DATA,PROVISIONAL_PRIMARY_ONLY,PROVISIONAL_LOW,NOT_AVAILABLE,NEEDS_MANUAL_BCTC_REVIEW,True,False,True,True,"[""Market source remains primary-only."", ""Finance source remains provisional low."", ""Independent source-family confirmation is not available."", ""Manual BCTC review is required before deeper analysis.""]","[""capex"", ""cfo"", ""equity"", ""gross_profit"", ""last_close"", ""last_price_date"", ""net_income"", ""revenue"", ""total_assets"", ""total_liabilities""]","[""Primary market data missing or incomplete.""]",Primary market data missing or incomplete.,,,28430.0,,28430.0,,,,,"[""capex"", ""cfo"", ""equity"", ""gross_profit"", ""net_income"", ""revenue"", ""total_assets"", ""total_liabilities""]",PARTIAL_PROVISIONAL_DATA,provisional_structured,vnstock_finance_v1,vnstock,2026-05-27T11:05:30.632447,batch_0008
HVG,HOSE,Công ty Cổ phần Hùng Vương,BLOCKED_INSUFFICIENT_MARKET_DATA,PROVISIONAL_PRIMARY_ONLY,PROVISIONAL_LOW,NOT_AVAILABLE,NEEDS_MANUAL_BCTC_REVIEW,True,False,True,True,"[""Market source remains primary-only."", ""Finance source remains provisional low."", ""Independent source-family confirmation is not available."", ""Manual BCTC review is required before deeper analysis.""]","[""avg_volume_20d"", ""capex"", ""cfo"", ""equity"", ""gross_profit"", ""last_close"", ""last_price_date"", ""net_income"", ""revenue"", ""total_assets"", ""total_liabilities""]","[""Primary market data missing or incomplete.""]",Primary market data missing or incomplete.,,,,,,,,,,"[""capex"", ""cfo"", ""equity"", ""gross_profit"", ""net_income"", ""revenue"", ""total_assets"", ""total_liabilities""]",INSUFFICIENT_DATA,provisional_structured,vnstock_finance_v1,vnstock,2026-05-27T11:05:36.427177,batch_0008
HVH,HOSE,Công ty Cổ phần Đầu tư và Công nghệ HVC,BLOCKED_INSUFFICIENT_MARKET_DATA,PROVISIONAL_PRIMARY_ONLY,PROVISIONAL_LOW,NOT_AVAILABLE,NEEDS_MANUAL_BCTC_REVIEW,True,False,True,True,"[""Market source remains primary-only."", ""Finance source remains provisional low."", ""Independent source-family confirmation is not available."", ""Manual BCTC review is required before deeper analysis.""]","[""capex"", ""cfo"", ""equity"", ""gross_profit"", ""last_close"", ""last_price_date"", ""net_income"", ""revenue"", ""total_assets"", ""total_liabilities""]","[""Primary market data missing or incomplete.""]",Primary market data missing or incomplete.,,,145670.0,,145670.0,,,,,"[""capex"", ""cfo"", ""equity"", ""gross_profit"", ""net_income"", ""revenue"", ""total_assets"", ""total_liabilities""]",PARTIAL_PROVISIONAL_DATA,provisional_structured,vnstock_finance_v1,vnstock,2026-05-27T11:05:41.984453,batch_0008
HVN,HOSE,Tổng Công ty Hàng không Việt Nam - CTCP,BLOCKED_INSUFFICIENT_MARKET_DATA,PROVISIONAL_PRIMARY_ONLY,PROVISIONAL_LOW,NOT_AVAILABLE,NEEDS_MANUAL_BCTC_REVIEW,True,False,True,True,"[""Market source remains primary-only."", ""Finance source remains provisional low."", ""Independent source-family confirmation is not available."", ""Manual BCTC review is required before deeper analysis.""]","[""capex"", ""cfo"", ""equity"", ""gross_profit"", ""last_close"", ""last_price_date"", ""net_income"", ""revenue"", ""total_assets"", ""total_liabilities""]","[""Primary market data missing or incomplete.""]",Primary market data missing or incomplete.,,,602070.0,,602070.0,,,,,"[""capex"", ""cfo"", ""equity"", ""gross_profit"", ""net_income"", ""revenue"", ""total_assets"", ""total_liabilities""]",PARTIAL_PROVISIONAL_DATA,provisional_structured,vnstock_finance_v1,vnstock,2026-05-27T11:05:48.953291,batch_0008
HVT,HNX,Công ty Cổ phần Hóa chất Việt Trì,BLOCKED_INSUFFICIENT_MARKET_DATA,PROVISIONAL_PRIMARY_ONLY,PROVISIONAL_LOW,NOT_AVAILABLE,NEEDS_MANUAL_BCTC_REVIEW,True,False,True,True,"[""Market source remains primary-only."", ""Finance source remains provisional low."", ""Independent source-family confirmation is not available."", ""Manual BCTC review is required before deeper analysis.""]","[""capex"", ""cfo"", ""equity"", ""gross_profit"", ""last_close"", ""last_price_date"", ""net_income"", ""revenue"", ""total_assets"", ""total_liabilities""]","[""Primary market data missing or incomplete.""]",Primary market data missing or incomplete.,,,16460.0,,16460.0,,,,,"[""capex"", ""cfo"", ""equity"", ""gross_profit"", ""net_income"", ""revenue"", ""total_assets"", ""total_liabilities""]",PARTIAL_PROVISIONAL_DATA,provisional_structured,vnstock_finance_v1,vnstock,2026-05-27T11:05:55.574939,batch_0008
HVX,HOSE,Công ty Cổ phần Xi măng Vicem Hải Vân,BLOCKED_INSUFFICIENT_MARKET_DATA,PROVISIONAL_PRIMARY_ONLY,PROVISIONAL_LOW,NOT_AVAILABLE,NEEDS_MANUAL_BCTC_REVIEW,True,False,True,True,"[""Market source remains primary-only."", ""Finance source remains provisional low."", ""Independent source-family confirmation is not available."", ""Manual BCTC review is required before deeper analysis.""]","[""capex"", ""cfo"", ""equity"", ""gross_profit"", ""last_close"", ""last_price_date"", ""net_income"", ""revenue"", ""total_assets"", ""total_liabilities""]","[""Primary market data missing or incomplete.""]",Primary market data missing or incomplete.,,,37850.0,,37850.0,,,,,"[""capex"", ""cfo"", ""equity"", ""gross_profit"", ""net_income"", ""revenue"", ""total_assets"", ""total_liabilities""]",PARTIAL_PROVISIONAL_DATA,provisional_structured,vnstock_finance_v1,vnstock,2026-05-27T11:06:01.875683,batch_0008
HWS,UPCoM,Công ty Cổ phần Cấp nước Huế,BLOCKED_INSUFFICIENT_MARKET_DATA,PROVISIONAL_PRIMARY_ONLY,PROVISIONAL_LOW,NOT_AVAILABLE,NEEDS_MANUAL_BCTC_REVIEW,True,False,True,True,"[""Market source remains primary-only."", ""Finance source remains provisional low."", ""Independent source-family confirmation is not available."", ""Manual BCTC review is required before deeper analysis.""]","[""capex"", ""cfo"", ""equity"", ""gross_profit"", ""last_close"", ""last_price_date"", ""net_income"", ""revenue"", ""total_assets"", ""total_liabilities""]","[""Primary market data missing or incomplete.""]",Primary market data missing or incomplete.,,,1680.0,,1680.0,,,,,"[""capex"", ""cfo"", ""equity"", ""gross_profit"", ""net_income"", ""revenue"", ""total_assets"", ""total_liabilities""]",PARTIAL_PROVISIONAL_DATA,provisional_structured,vnstock_finance_v1,vnstock,2026-05-27T11:06:07.248342,batch_0008
IBC,UPCoM,Công ty Cổ phần Đầu tư APAX Holdings,BLOCKED_INSUFFICIENT_MARKET_DATA,PROVISIONAL_PRIMARY_ONLY,PROVISIONAL_LOW,NOT_AVAILABLE,NEEDS_MANUAL_BCTC_REVIEW,True,False,True,True,"[""Market source remains primary-only."", ""Finance source remains provisional low."", ""Independent source-family confirmation is not available."", ""Manual BCTC review is required before deeper analysis.""]","[""avg_volume_20d"", ""capex"", ""cfo"", ""equity"", ""gross_profit"", ""last_close"", ""last_price_date"", ""net_income"", ""revenue"", ""total_assets"", ""total_liabilities""]","[""Primary market data missing or incomplete.""]",Primary market data missing or incomplete.,,,,,,,,,,"[""capex"", ""cfo"", ""equity"", ""gross_profit"", ""net_income"", ""revenue"", ""total_assets"", ""total_liabilities""]",INSUFFICIENT_DATA,provisional_structured,vnstock_finance_v1,vnstock,2026-05-27T11:06:13.730496,batch_0008
IBD,UPCoM,Công ty Cổ phần In Tổng hợp Bình Dương,BLOCKED_INSUFFICIENT_MARKET_DATA,PROVISIONAL_PRIMARY_ONLY,PROVISIONAL_LOW,NOT_AVAILABLE,NEEDS_MANUAL_BCTC_REVIEW,True,False,True,True,"[""Market source remains primary-only."", ""Finance source remains provisional low."", ""Independent source-family confirmation is not available."", ""Manual BCTC review is required before deeper analysis.""]","[""avg_volume_20d"", ""capex"", ""cfo"", ""equity"", ""gross_profit"", ""last_close"", ""last_price_date"", ""net_income"", ""revenue"", ""total_assets"", ""total_liabilities""]","[""Primary market data missing or incomplete.""]",Primary market data missing or incomplete.,,,,,,,,,,"[""capex"", ""cfo"", ""equity"", ""gross_profit"", ""net_income"", ""revenue"", ""total_assets"", ""total_liabilities""]",INSUFFICIENT_DATA,provisional_structured,vnstock_finance_v1,vnstock,2026-05-27T11:06:19.060804,batch_0008
IBN,UPCoM,Công ty Cổ phần In báo Nghệ An,BLOCKED_INSUFFICIENT_MARKET_DATA,PROVISIONAL_PRIMARY_ONLY,PROVISIONAL_LOW,NOT_AVAILABLE,NEEDS_MANUAL_BCTC_REVIEW,True,False,True,True,"[""Market source remains primary-only."", ""Finance source remains provisional low."", ""Independent source-family confirmation is not available."", ""Manual BCTC review is required before deeper analysis.""]","[""avg_volume_20d"", ""capex"", ""cfo"", ""equity"", ""gross_profit"", ""last_close"", ""last_price_date"", ""net_income"", ""revenue"", ""total_assets"", ""total_liabilities""]","[""Primary market data missing or incomplete.""]",Primary market data missing or incomplete.,,,,,,,,,,"[""capex"", ""cfo"", ""equity"", ""gross_profit"", ""net_income"", ""revenue"", ""total_assets"", ""total_liabilities""]",INSUFFICIENT_DATA,provisional_structured,vnstock_finance_v1,vnstock,2026-05-27T11:06:25.423571,batch_0008
ICC,UPCoM,Công ty Cổ phần Xây dựng Công nghiệp,BLOCKED_INSUFFICIENT_MARKET_DATA,PROVISIONAL_PRIMARY_ONLY,PROVISIONAL_LOW,NOT_AVAILABLE,NEEDS_MANUAL_BCTC_REVIEW,True,False,True,True,"[""Market source remains primary-only."", ""Finance source remains provisional low."", ""Independent source-family confirmation is not available."", ""Manual BCTC review is required before deeper analysis.""]","[""avg_volume_20d"", ""capex"", ""cfo"", ""equity"", ""gross_profit"", ""last_close"", ""last_price_date"", ""net_income"", ""revenue"", ""total_assets"", ""total_liabilities""]","[""Primary market data missing or incomplete.""]",Primary market data missing or incomplete.,,,,,,,,,,"[""capex"", ""cfo"", ""equity"", ""gross_profit"", ""net_income"", ""revenue"", ""total_assets"", ""total_liabilities""]",INSUFFICIENT_DATA,provisional_structured,vnstock_finance_v1,vnstock,2026-05-27T11:06:31.461650,batch_0008
ICF,UPCoM,Công ty Cổ phần Đầu tư - Thương mại - Thuỷ sản,BLOCKED_INSUFFICIENT_MARKET_DATA,PROVISIONAL_PRIMARY_ONLY,PROVISIONAL_LOW,NOT_AVAILABLE,NEEDS_MANUAL_BCTC_REVIEW,True,False,True,True,"[""Market source remains primary-only."", ""Finance source remains provisional low."", ""Independent source-family confirmation is not available."", ""Manual BCTC review is required before deeper analysis.""]","[""capex"", ""cfo"", ""equity"", ""gross_profit"", ""last_close"", ""last_price_date"", ""net_income"", ""revenue"", ""total_assets"", ""total_liabilities""]","[""Primary market data missing or incomplete.""]",Primary market data missing or incomplete.,,,300.0,,300.0,,,,,"[""capex"", ""cfo"", ""equity"", ""gross_profit"", ""net_income"", ""revenue"", ""total_assets"", ""total_liabilities""]",PARTIAL_PROVISIONAL_DATA,provisional_structured,vnstock_finance_v1,vnstock,2026-05-27T11:06:37.288911,batch_0008
ICG,HNX,Công ty Cổ phần Xây dựng Sông Hồng,BLOCKED_INSUFFICIENT_MARKET_DATA,PROVISIONAL_PRIMARY_ONLY,PROVISIONAL_LOW,NOT_AVAILABLE,NEEDS_MANUAL_BCTC_REVIEW,True,False,True,True,"[""Market source remains primary-only."", ""Finance source remains provisional low."", ""Independent source-family confirmation is not available."", ""Manual BCTC review is required before deeper analysis.""]","[""capex"", ""cfo"", ""equity"", ""gross_profit"", ""last_close"", ""last_price_date"", ""net_income"", ""revenue"", ""total_assets"", ""total_liabilities""]","[""Primary market data missing or incomplete.""]",Primary market data missing or incomplete.,,,5020.0,,5020.0,,,,,"[""capex"", ""cfo"", ""equity"", ""gross_profit"", ""net_income"", ""revenue"", ""total_assets"", ""total_liabilities""]",PARTIAL_PROVISIONAL_DATA,provisional_structured,vnstock_finance_v1,vnstock,2026-05-27T11:06:43.032017,batch_0008
ICI,UPCoM,Công ty Cổ phần Đầu tư và Xây dựng Công nghiệp,BLOCKED_INSUFFICIENT_MARKET_DATA,PROVISIONAL_PRIMARY_ONLY,PROVISIONAL_LOW,NOT_AVAILABLE,NEEDS_MANUAL_BCTC_REVIEW,True,False,True,True,"[""Market source remains primary-only."", ""Finance source remains provisional low."", ""Independent source-family confirmation is not available."", ""Manual BCTC review is required before deeper analysis.""]","[""avg_volume_20d"", ""capex"", ""cfo"", ""equity"", ""gross_profit"", ""last_close"", ""last_price_date"", ""net_income"", ""revenue"", ""total_assets"", ""total_liabilities""]","[""Primary market data missing or incomplete.""]",Primary market data missing or incomplete.,,,,,,,,,,"[""capex"", ""cfo"", ""equity"", ""gross_profit"", ""net_income"", ""revenue"", ""total_assets"", ""total_liabilities""]",INSUFFICIENT_DATA,provisional_structured,vnstock_finance_v1,vnstock,2026-05-27T11:06:50.207652,batch_0008
ICN,UPCoM,Công ty Cổ phần Đầu tư Xây dựng Dầu khí IDICO,BLOCKED_INSUFFICIENT_MARKET_DATA,PROVISIONAL_PRIMARY_ONLY,PROVISIONAL_LOW,NOT_AVAILABLE,NEEDS_MANUAL_BCTC_REVIEW,True,False,True,True,"[""Market source remains primary-only."", ""Finance source remains provisional low."", ""Independent source-family confirmation is not available."", ""Manual BCTC review is required before deeper analysis.""]","[""capex"", ""cfo"", ""equity"", ""gross_profit"", ""last_close"", ""last_price_date"", ""net_income"", ""revenue"", ""total_assets"", ""total_liabilities""]","[""Primary market data missing or incomplete.""]",Primary market data missing or incomplete.,,,7210.0,,7210.0,,,,,"[""capex"", ""cfo"", ""equity"", ""gross_profit"", ""net_income"", ""revenue"", ""total_assets"", ""total_liabilities""]",PARTIAL_PROVISIONAL_DATA,provisional_structured,vnstock_finance_v1,vnstock,2026-05-27T11:06:55.491310,batch_0008
ICT,HOSE,Công ty Cổ phần Viễn thông - Tin học Bưu điện,BLOCKED_INSUFFICIENT_MARKET_DATA,PROVISIONAL_PRIMARY_ONLY,PROVISIONAL_LOW,NOT_AVAILABLE,NEEDS_MANUAL_BCTC_REVIEW,True,False,True,True,"[""Market source remains primary-only."", ""Finance source remains provisional low."", ""Independent source-family confirmation is not available."", ""Manual BCTC review is required before deeper analysis.""]","[""capex"", ""cfo"", ""equity"", ""gross_profit"", ""last_close"", ""last_price_date"", ""net_income"", ""revenue"", ""total_assets"", ""total_liabilities""]","[""Primary market data missing or incomplete.""]",Primary market data missing or incomplete.,,,8850.0,,8850.0,,,,,"[""capex"", ""cfo"", ""equity"", ""gross_profit"", ""net_income"", ""revenue"", ""total_assets"", ""total_liabilities""]",PARTIAL_PROVISIONAL_DATA,provisional_structured,vnstock_finance_v1,vnstock,2026-05-27T11:07:01.449948,batch_0008
IDC,HNX,Tổng Công ty IDICO - CTCP,BLOCKED_INSUFFICIENT_MARKET_DATA,PROVISIONAL_PRIMARY_ONLY,PROVISIONAL_LOW,NOT_AVAILABLE,NEEDS_MANUAL_BCTC_REVIEW,True,False,True,True,"[""Market source remains primary-only."", ""Finance source remains provisional low."", ""Independent source-family confirmation is not available."", ""Manual BCTC review is required before deeper analysis.""]","[""capex"", ""cfo"", ""equity"", ""gross_profit"", ""last_close"", ""last_price_date"", ""net_income"", ""revenue"", ""total_assets"", ""total_liabilities""]","[""Primary market data missing or incomplete.""]",Primary market data missing or incomplete.,,,1394820.0,,1394820.0,,,,,"[""capex"", ""cfo"", ""equity"", ""gross_profit"", ""net_income"", ""revenue"", ""total_assets"", ""total_liabilities""]",PARTIAL_PROVISIONAL_DATA,provisional_structured,vnstock_finance_v1,vnstock,2026-05-27T11:07:07.626470,batch_0008
IDI,HOSE,Công ty Cổ phần Đầu tư và Phát triển Đa Quốc Gia I.D.I,BLOCKED_INSUFFICIENT_MARKET_DATA,PROVISIONAL_PRIMARY_ONLY,PROVISIONAL_LOW,NOT_AVAILABLE,NEEDS_MANUAL_BCTC_REVIEW,True,False,True,True,"[""Market source remains primary-only."", ""Finance source remains provisional low."", ""Independent source-family confirmation is not available."", ""Manual BCTC review is required before deeper analysis.""]","[""capex"", ""cfo"", ""equity"", ""gross_profit"", ""last_close"", ""last_price_date"", ""net_income"", ""revenue"", ""total_assets"", ""total_liabilities""]","[""Primary market data missing or incomplete.""]",Primary market data missing or incomplete.,,,413540.0,,413540.0,,,,,"[""capex"", ""cfo"", ""equity"", ""gross_profit"", ""net_income"", ""revenue"", ""total_assets"", ""total_liabilities""]",PARTIAL_PROVISIONAL_DATA,provisional_structured,vnstock_finance_v1,vnstock,2026-05-27T11:07:13.526285,batch_0008
IDJ,HNX,Công ty Cổ phần Đầu tư IDJ Việt Nam,BLOCKED_INSUFFICIENT_MARKET_DATA,PROVISIONAL_PRIMARY_ONLY,PROVISIONAL_LOW,NOT_AVAILABLE,NEEDS_MANUAL_BCTC_REVIEW,True,False,True,True,"[""Market source remains primary-only."", ""Finance source remains provisional low."", ""Independent source-family confirmation is not available."", ""Manual BCTC review is required before deeper analysis.""]","[""capex"", ""cfo"", ""equity"", ""gross_profit"", ""last_close"", ""last_price_date"", ""net_income"", ""revenue"", ""total_assets"", ""total_liabilities""]","[""Primary market data missing or incomplete.""]",Primary market data missing or incomplete.,,,921350.0,,921350.0,,,,,"[""capex"", ""cfo"", ""equity"", ""gross_profit"", ""net_income"", ""revenue"", ""total_assets"", ""total_liabilities""]",PARTIAL_PROVISIONAL_DATA,provisional_structured,vnstock_finance_v1,vnstock,2026-05-27T11:07:19.247306,batch_0008
IDP,UPCoM,Công ty Cổ phần Sữa Quốc tế LOF,BLOCKED_INSUFFICIENT_MARKET_DATA,PROVISIONAL_PRIMARY_ONLY,PROVISIONAL_LOW,NOT_AVAILABLE,NEEDS_MANUAL_BCTC_REVIEW,True,False,True,True,"[""Market source remains primary-only."", ""Finance source remains provisional low."", ""Independent source-family confirmation is not available."", ""Manual BCTC review is required before deeper analysis.""]","[""capex"", ""cfo"", ""equity"", ""gross_profit"", ""last_price_date"", ""net_income"", ""revenue"", ""total_assets"", ""total_liabilities""]","[""Primary market data missing or incomplete.""]",Primary market data missing or incomplete.,,278.1,2280.0,,2280.0,,,634068.0,,"[""capex"", ""cfo"", ""equity"", ""gross_profit"", ""net_income"", ""revenue"", ""total_assets"", ""total_liabilities""]",PARTIAL_PROVISIONAL_DATA,provisional_structured,vnstock_finance_v1,vnstock,2026-05-27T11:07:25.293642,batch_0008
IDV,HNX,Công ty Cổ phần Phát triển Hạ tầng Vĩnh Phúc,BLOCKED_INSUFFICIENT_MARKET_DATA,PROVISIONAL_PRIMARY_ONLY,PROVISIONAL_LOW,NOT_AVAILABLE,NEEDS_MANUAL_BCTC_REVIEW,True,False,True,True,"[""Market source remains primary-only."", ""Finance source remains provisional low."", ""Independent source-family confirmation is not available."", ""Manual BCTC review is required before deeper analysis.""]","[""capex"", ""cfo"", ""equity"", ""gross_profit"", ""last_close"", ""last_price_date"", ""net_income"", ""revenue"", ""total_assets"", ""total_liabilities""]","[""Primary market data missing or incomplete.""]",Primary market data missing or incomplete.,,,4680.0,,4680.0,,,,,"[""capex"", ""cfo"", ""equity"", ""gross_profit"", ""net_income"", ""revenue"", ""total_assets"", ""total_liabilities""]",PARTIAL_PROVISIONAL_DATA,provisional_structured,vnstock_finance_v1,vnstock,2026-05-27T11:07:32.547760,batch_0008
IFS,UPCoM,Công ty Cổ phần Thực phẩm Quốc tế,BLOCKED_INSUFFICIENT_MARKET_DATA,PROVISIONAL_PRIMARY_ONLY,PROVISIONAL_LOW,NOT_AVAILABLE,NEEDS_MANUAL_BCTC_REVIEW,True,False,True,True,"[""Market source remains primary-only."", ""Finance source remains provisional low."", ""Independent source-family confirmation is not available."", ""Manual BCTC review is required before deeper analysis.""]","[""capex"", ""cfo"", ""equity"", ""gross_profit"", ""last_close"", ""last_price_date"", ""net_income"", ""revenue"", ""total_assets"", ""total_liabilities""]","[""Primary market data missing or incomplete.""]",Primary market data missing or incomplete.,,,2750.0,,2750.0,,,,,"[""capex"", ""cfo"", ""equity"", ""gross_profit"", ""net_income"", ""revenue"", ""total_assets"", ""total_liabilities""]",PARTIAL_PROVISIONAL_DATA,provisional_structured,vnstock_finance_v1,vnstock,2026-05-27T11:07:39.498792,batch_0008
IHK,UPCoM,Công ty Cổ phần In Hàng Không,BLOCKED_INSUFFICIENT_MARKET_DATA,PROVISIONAL_PRIMARY_ONLY,PROVISIONAL_LOW,NOT_AVAILABLE,NEEDS_MANUAL_BCTC_REVIEW,True,False,True,True,"[""Market source remains primary-only."", ""Finance source remains provisional low."", ""Independent source-family confirmation is not available."", ""Manual BCTC review is required before deeper analysis.""]","[""capex"", ""cfo"", ""equity"", ""gross_profit"", ""last_close"", ""last_price_date"", ""net_income"", ""revenue"", ""total_assets"", ""total_liabilities""]","[""Primary market data missing or incomplete.""]",Primary market data missing or incomplete.,,,820.0,,820.0,,,,,"[""capex"", ""cfo"", ""equity"", ""gross_profit"", ""net_income"", ""revenue"", ""total_assets"", ""total_liabilities""]",PARTIAL_PROVISIONAL_DATA,provisional_structured,vnstock_finance_v1,vnstock,2026-05-27T11:07:45.447420,batch_0008
IJC,HOSE,Công ty Cổ phần Phát triển Hạ tầng Kỹ thuật,BLOCKED_INSUFFICIENT_MARKET_DATA,PROVISIONAL_PRIMARY_ONLY,PROVISIONAL_LOW,NOT_AVAILABLE,NEEDS_MANUAL_BCTC_REVIEW,True,False,True,True,"[""Market source remains primary-only."", ""Finance source remains provisional low."", ""Independent source-family confirmation is not available."", ""Manual BCTC review is required before deeper analysis.""]","[""capex"", ""cfo"", ""equity"", ""gross_profit"", ""last_close"", ""last_price_date"", ""net_income"", ""revenue"", ""total_assets"", ""total_liabilities""]","[""Primary market data missing or incomplete.""]",Primary market data missing or incomplete.,,,1713230.0,,1713230.0,,,,,"[""capex"", ""cfo"", ""equity"", ""gross_profit"", ""net_income"", ""revenue"", ""total_assets"", ""total_liabilities""]",PARTIAL_PROVISIONAL_DATA,provisional_structured,vnstock_finance_v1,vnstock,2026-05-27T11:07:51.397942,batch_0008
ILA,UPCoM,Công ty Cổ phần ILA,BLOCKED_INSUFFICIENT_MARKET_DATA,PROVISIONAL_PRIMARY_ONLY,PROVISIONAL_LOW,NOT_AVAILABLE,NEEDS_MANUAL_BCTC_REVIEW,True,False,True,True,"[""Market source remains primary-only."", ""Finance source remains provisional low."", ""Independent source-family confirmation is not available."", ""Manual BCTC review is required before deeper analysis.""]","[""capex"", ""cfo"", ""equity"", ""gross_profit"", ""last_close"", ""last_price_date"", ""net_income"", ""revenue"", ""total_assets"", ""total_liabilities""]","[""Primary market data missing or incomplete.""]",Primary market data missing or incomplete.,,,8080.0,,8080.0,,,,,"[""capex"", ""cfo"", ""equity"", ""gross_profit"", ""net_income"", ""revenue"", ""total_assets"", ""total_liabilities""]",PARTIAL_PROVISIONAL_DATA,provisional_structured,vnstock_finance_v1,vnstock,2026-05-27T11:07:57.575838,batch_0008
ILB,HOSE,Công ty Cổ phần ICD Tân Cảng - Long Bình,BLOCKED_INSUFFICIENT_MARKET_DATA,PROVISIONAL_PRIMARY_ONLY,PROVISIONAL_LOW,NOT_AVAILABLE,NEEDS_MANUAL_BCTC_REVIEW,True,False,True,True,"[""Market source remains primary-only."", ""Finance source remains provisional low."", ""Independent source-family confirmation is not available."", ""Manual BCTC review is required before deeper analysis.""]","[""capex"", ""cfo"", ""equity"", ""gross_profit"", ""last_close"", ""last_price_date"", ""net_income"", ""revenue"", ""total_assets"", ""total_liabilities""]","[""Primary market data missing or incomplete.""]",Primary market data missing or incomplete.,,,11330.0,,11330.0,,,,,"[""capex"", ""cfo"", ""equity"", ""gross_profit"", ""net_income"", ""revenue"", ""total_assets"", ""total_liabilities""]",PARTIAL_PROVISIONAL_DATA,provisional_structured,vnstock_finance_v1,vnstock,2026-05-27T11:08:03.476870,batch_0008
ILC,UPCoM,Công ty Cổ phần Hợp tác lao động với nước ngoài,BLOCKED_INSUFFICIENT_MARKET_DATA,PROVISIONAL_PRIMARY_ONLY,PROVISIONAL_LOW,NOT_AVAILABLE,NEEDS_MANUAL_BCTC_REVIEW,True,False,True,True,"[""Market source remains primary-only."", ""Finance source remains provisional low."", ""Independent source-family confirmation is not available."", ""Manual BCTC review is required before deeper analysis.""]","[""capex"", ""cfo"", ""equity"", ""gross_profit"", ""last_close"", ""last_price_date"", ""net_income"", ""revenue"", ""total_assets"", ""total_liabilities""]","[""Primary market data missing or incomplete.""]",Primary market data missing or incomplete.,,,240.0,,240.0,,,,,"[""capex"", ""cfo"", ""equity"", ""gross_profit"", ""net_income"", ""revenue"", ""total_assets"", ""total_liabilities""]",PARTIAL_PROVISIONAL_DATA,provisional_structured,vnstock_finance_v1,vnstock,2026-05-27T11:08:10.123762,batch_0008
ILS,UPCoM,Công ty Cổ phần Đầu tư Thương mại và Dịch vụ Quốc tế,BLOCKED_INSUFFICIENT_MARKET_DATA,PROVISIONAL_PRIMARY_ONLY,PROVISIONAL_LOW,NOT_AVAILABLE,NEEDS_MANUAL_BCTC_REVIEW,True,False,True,True,"[""Market source remains primary-only."", ""Finance source remains provisional low."", ""Independent source-family confirmation is not available."", ""Manual BCTC review is required before deeper analysis.""]","[""avg_volume_20d"", ""capex"", ""cfo"", ""equity"", ""gross_profit"", ""last_close"", ""last_price_date"", ""net_income"", ""revenue"", ""total_assets"", ""total_liabilities""]","[""Primary market data missing or incomplete.""]",Primary market data missing or incomplete.,,,,,,,,,,"[""capex"", ""cfo"", ""equity"", ""gross_profit"", ""net_income"", ""revenue"", ""total_assets"", ""total_liabilities""]",INSUFFICIENT_DATA,provisional_structured,vnstock_finance_v1,vnstock,2026-05-27T11:08:15.562395,batch_0008
IME,UPCoM,Công ty Cổ phần Cơ khí và Xây lắp Công nghiệp,BLOCKED_INSUFFICIENT_MARKET_DATA,PROVISIONAL_PRIMARY_ONLY,PROVISIONAL_LOW,NOT_AVAILABLE,NEEDS_MANUAL_BCTC_REVIEW,True,False,True,True,"[""Market source remains primary-only."", ""Finance source remains provisional low."", ""Independent source-family confirmation is not available."", ""Manual BCTC review is required before deeper analysis.""]","[""avg_volume_20d"", ""capex"", ""cfo"", ""equity"", ""gross_profit"", ""last_close"", ""last_price_date"", ""net_income"", ""revenue"", ""total_assets"", ""total_liabilities""]","[""Primary market data missing or incomplete.""]",Primary market data missing or incomplete.,,,,,,,,,,"[""capex"", ""cfo"", ""equity"", ""gross_profit"", ""net_income"", ""revenue"", ""total_assets"", ""total_liabilities""]",INSUFFICIENT_DATA,provisional_structured,vnstock_finance_v1,vnstock,2026-05-27T11:08:21.515549,batch_0008
IMP,HOSE,Công ty Cổ phần Dược phẩm Imexpharm,BLOCKED_INSUFFICIENT_MARKET_DATA,PROVISIONAL_PRIMARY_ONLY,PROVISIONAL_LOW,NOT_AVAILABLE,NEEDS_MANUAL_BCTC_REVIEW,True,False,True,True,"[""Market source remains primary-only."", ""Finance source remains provisional low."", ""Independent source-family confirmation is not available."", ""Manual BCTC review is required before deeper analysis.""]","[""capex"", ""cfo"", ""equity"", ""gross_profit"", ""last_close"", ""last_price_date"", ""net_income"", ""revenue"", ""total_assets"", ""total_liabilities""]","[""Primary market data missing or incomplete.""]",Primary market data missing or incomplete.,,,23020.0,,23020.0,,,,,"[""capex"", ""cfo"", ""equity"", ""gross_profit"", ""net_income"", ""revenue"", ""total_assets"", ""total_liabilities""]",PARTIAL_PROVISIONAL_DATA,provisional_structured,vnstock_finance_v1,vnstock,2026-05-27T11:08:27.988271,batch_0008
IN4,UPCoM,Công ty Cổ phần In số 4,BLOCKED_INSUFFICIENT_MARKET_DATA,PROVISIONAL_PRIMARY_ONLY,PROVISIONAL_LOW,NOT_AVAILABLE,NEEDS_MANUAL_BCTC_REVIEW,True,False,True,True,"[""Market source remains primary-only."", ""Finance source remains provisional low."", ""Independent source-family confirmation is not available."", ""Manual BCTC review is required before deeper analysis.""]","[""avg_volume_20d"", ""capex"", ""cfo"", ""equity"", ""gross_profit"", ""last_close"", ""last_price_date"", ""net_income"", ""revenue"", ""total_assets"", ""total_liabilities""]","[""Primary market data missing or incomplete.""]",Primary market data missing or incomplete.,,,,,,,,,,"[""capex"", ""cfo"", ""equity"", ""gross_profit"", ""net_income"", ""revenue"", ""total_assets"", ""total_liabilities""]",INSUFFICIENT_DATA,provisional_structured,vnstock_finance_v1,vnstock,2026-05-27T11:08:33.582265,batch_0008
INC,HNX,Công ty Cổ phần Tư vấn Đầu tư IDICO,BLOCKED_INSUFFICIENT_MARKET_DATA,PROVISIONAL_PRIMARY_ONLY,PROVISIONAL_LOW,NOT_AVAILABLE,NEEDS_MANUAL_BCTC_REVIEW,True,False,True,True,"[""Market source remains primary-only."", ""Finance source remains provisional low."", ""Independent source-family confirmation is not available."", ""Manual BCTC review is required before deeper analysis.""]","[""avg_volume_20d"", ""capex"", ""cfo"", ""equity"", ""gross_profit"", ""last_close"", ""last_price_date"", ""net_income"", ""revenue"", ""total_assets"", ""total_liabilities""]","[""Primary market data missing or incomplete.""]",Primary market data missing or incomplete.,,,,,,,,,,"[""capex"", ""cfo"", ""equity"", ""gross_profit"", ""net_income"", ""revenue"", ""total_assets"", ""total_liabilities""]",INSUFFICIENT_DATA,provisional_structured,vnstock_finance_v1,vnstock,2026-05-27T11:08:40.029619,batch_0008
ING,UPCoM,Công ty Cổ phần Đầu Tư Và Phát Triển Xây Dựng,BLOCKED_INSUFFICIENT_MARKET_DATA,PROVISIONAL_PRIMARY_ONLY,PROVISIONAL_LOW,NOT_AVAILABLE,NEEDS_MANUAL_BCTC_REVIEW,True,False,True,True,"[""Market source remains primary-only."", ""Finance source remains provisional low."", ""Independent source-family confirmation is not available."", ""Manual BCTC review is required before deeper analysis.""]","[""avg_volume_20d"", ""capex"", ""cfo"", ""equity"", ""gross_profit"", ""last_close"", ""last_price_date"", ""net_income"", ""revenue"", ""total_assets"", ""total_liabilities""]","[""Primary market data missing or incomplete.""]",Primary market data missing or incomplete.,,,,,,,,,,"[""capex"", ""cfo"", ""equity"", ""gross_profit"", ""net_income"", ""revenue"", ""total_assets"", ""total_liabilities""]",INSUFFICIENT_DATA,provisional_structured,vnstock_finance_v1,vnstock,2026-05-27T11:08:45.712302,batch_0008
INN,HNX,Công ty Cổ phần Bao bì và In Nông nghiệp,BLOCKED_INSUFFICIENT_MARKET_DATA,PROVISIONAL_PRIMARY_ONLY,PROVISIONAL_LOW,NOT_AVAILABLE,NEEDS_MANUAL_BCTC_REVIEW,True,False,True,True,"[""Market source remains primary-only."", ""Finance source remains provisional low."", ""Independent source-family confirmation is not available."", ""Manual BCTC review is required before deeper analysis.""]","[""capex"", ""cfo"", ""equity"", ""gross_profit"", ""last_close"", ""last_price_date"", ""net_income"", ""revenue"", ""total_assets"", ""total_liabilities""]","[""Primary market data missing or incomplete.""]",Primary market data missing or incomplete.,,,8280.0,,8280.0,,,,,"[""capex"", ""cfo"", ""equity"", ""gross_profit"", ""net_income"", ""revenue"", ""total_assets"", ""total_liabilities""]",PARTIAL_PROVISIONAL_DATA,provisional_structured,vnstock_finance_v1,vnstock,2026-05-27T11:08:51.701844,batch_0008
IPA,HNX,Công ty Cổ phần Tập đoàn Đầu tư I.P.A,BLOCKED_INSUFFICIENT_MARKET_DATA,PROVISIONAL_PRIMARY_ONLY,PROVISIONAL_LOW,NOT_AVAILABLE,NEEDS_MANUAL_BCTC_REVIEW,True,False,True,True,"[""Market source remains primary-only."", ""Finance source remains provisional low."", ""Independent source-family confirmation is not available."", ""Manual BCTC review is required before deeper analysis.""]","[""capex"", ""cfo"", ""equity"", ""gross_profit"", ""last_close"", ""last_price_date"", ""net_income"", ""revenue"", ""total_assets"", ""total_liabilities""]","[""Primary market data missing or incomplete.""]",Primary market data missing or incomplete.,,,71830.0,,71830.0,,,,,"[""capex"", ""cfo"", ""equity"", ""gross_profit"", ""net_income"", ""revenue"", ""total_assets"", ""total_liabilities""]",PARTIAL_PROVISIONAL_DATA,provisional_structured,vnstock_finance_v1,vnstock,2026-05-27T11:09:00.962191,batch_0008
IPH,UPCoM,Công ty TNHH MTV In và Phát hành biểu mẫu Thống kê,BLOCKED_INSUFFICIENT_MARKET_DATA,PROVISIONAL_PRIMARY_ONLY,PROVISIONAL_LOW,NOT_AVAILABLE,NEEDS_MANUAL_BCTC_REVIEW,True,False,True,True,"[""Market source remains primary-only."", ""Finance source remains provisional low."", ""Independent source-family confirmation is not available."", ""Manual BCTC review is required before deeper analysis.""]","[""avg_volume_20d"", ""capex"", ""cfo"", ""equity"", ""gross_profit"", ""last_close"", ""last_price_date"", ""net_income"", ""revenue"", ""total_assets"", ""total_liabilities""]","[""Primary market data missing or incomplete.""]",Primary market data missing or incomplete.,,,,,,,,,,"[""capex"", ""cfo"", ""equity"", ""gross_profit"", ""net_income"", ""revenue"", ""total_assets"", ""total_liabilities""]",INSUFFICIENT_DATA,provisional_structured,vnstock_finance_v1,vnstock,2026-05-27T11:09:06.362908,batch_0008
IRC,UPCoM,Công ty Cổ phần Cao su Công nghiệp,BLOCKED_INSUFFICIENT_MARKET_DATA,PROVISIONAL_PRIMARY_ONLY,PROVISIONAL_LOW,NOT_AVAILABLE,NEEDS_MANUAL_BCTC_REVIEW,True,False,True,True,"[""Market source remains primary-only."", ""Finance source remains provisional low."", ""Independent source-family confirmation is not available."", ""Manual BCTC review is required before deeper analysis.""]","[""avg_volume_20d"", ""capex"", ""cfo"", ""equity"", ""gross_profit"", ""last_close"", ""last_price_date"", ""net_income"", ""revenue"", ""total_assets"", ""total_liabilities""]","[""Primary market data missing or incomplete.""]",Primary market data missing or incomplete.,,,,,,,,,,"[""capex"", ""cfo"", ""equity"", ""gross_profit"", ""net_income"", ""revenue"", ""total_assets"", ""total_liabilities""]",INSUFFICIENT_DATA,provisional_structured,vnstock_finance_v1,vnstock,2026-05-27T11:09:12.195718,batch_0008
ISG,UPCoM,Công ty Cổ phần Vận tải biển và Hợp tác lao động Quốc Tế,BLOCKED_INSUFFICIENT_MARKET_DATA,PROVISIONAL_PRIMARY_ONLY,PROVISIONAL_LOW,NOT_AVAILABLE,NEEDS_MANUAL_BCTC_REVIEW,True,False,True,True,"[""Market source remains primary-only."", ""Finance source remains provisional low."", ""Independent source-family confirmation is not available."", ""Manual BCTC review is required before deeper analysis.""]","[""capex"", ""cfo"", ""equity"", ""gross_profit"", ""last_close"", ""last_price_date"", ""net_income"", ""revenue"", ""total_assets"", ""total_liabilities""]","[""Primary market data missing or incomplete.""]",Primary market data missing or incomplete.,,,839.0,,839.0,,,,,"[""capex"", ""cfo"", ""equity"", ""gross_profit"", ""net_income"", ""revenue"", ""total_assets"", ""total_liabilities""]",PARTIAL_PROVISIONAL_DATA,provisional_structured,vnstock_finance_v1,vnstock,2026-05-27T11:09:18.686285,batch_0008
ISH,UPCoM,Công ty Cổ phần Thủy điện Srok Phu Miêng IDICO,BLOCKED_INSUFFICIENT_MARKET_DATA,PROVISIONAL_PRIMARY_ONLY,PROVISIONAL_LOW,NOT_AVAILABLE,NEEDS_MANUAL_BCTC_REVIEW,True,False,True,True,"[""Market source remains primary-only."", ""Finance source remains provisional low."", ""Independent source-family confirmation is not available."", ""Manual BCTC review is required before deeper analysis.""]","[""capex"", ""cfo"", ""equity"", ""gross_profit"", ""last_close"", ""last_price_date"", ""net_income"", ""revenue"", ""total_assets"", ""total_liabilities""]","[""Primary market data missing or incomplete.""]",Primary market data missing or incomplete.,,,1150.0,,1150.0,,,,,"[""capex"", ""cfo"", ""equity"", ""gross_profit"", ""net_income"", ""revenue"", ""total_assets"", ""total_liabilities""]",PARTIAL_PROVISIONAL_DATA,provisional_structured,vnstock_finance_v1,vnstock,2026-05-27T11:09:25.310847,batch_0008
IST,UPCoM,Công ty Cổ phần ICD Tân Cảng Sóng Thần,BLOCKED_INSUFFICIENT_MARKET_DATA,PROVISIONAL_PRIMARY_ONLY,PROVISIONAL_LOW,NOT_AVAILABLE,NEEDS_MANUAL_BCTC_REVIEW,True,False,True,True,"[""Market source remains primary-only."", ""Finance source remains provisional low."", ""Independent source-family confirmation is not available."", ""Manual BCTC review is required before deeper analysis.""]","[""capex"", ""cfo"", ""equity"", ""gross_profit"", ""last_close"", ""last_price_date"", ""net_income"", ""revenue"", ""total_assets"", ""total_liabilities""]","[""Primary market data missing or incomplete.""]",Primary market data missing or incomplete.,,,250.0,,250.0,,,,,"[""capex"", ""cfo"", ""equity"", ""gross_profit"", ""net_income"", ""revenue"", ""total_assets"", ""total_liabilities""]",PARTIAL_PROVISIONAL_DATA,provisional_structured,vnstock_finance_v1,vnstock,2026-05-27T11:09:30.815521,batch_0008
ITA,UPCoM,Công ty Cổ phần Đầu tư và Công nghiệp Tân Tạo,BLOCKED_INSUFFICIENT_MARKET_DATA,PROVISIONAL_PRIMARY_ONLY,PROVISIONAL_LOW,NOT_AVAILABLE,NEEDS_MANUAL_BCTC_REVIEW,True,False,True,True,"[""Market source remains primary-only."", ""Finance source remains provisional low."", ""Independent source-family confirmation is not available."", ""Manual BCTC review is required before deeper analysis.""]","[""avg_volume_20d"", ""capex"", ""cfo"", ""equity"", ""gross_profit"", ""last_close"", ""last_price_date"", ""net_income"", ""revenue"", ""total_assets"", ""total_liabilities""]","[""Primary market data missing or incomplete.""]",Primary market data missing or incomplete.,,,,,,,,,,"[""capex"", ""cfo"", ""equity"", ""gross_profit"", ""net_income"", ""revenue"", ""total_assets"", ""total_liabilities""]",INSUFFICIENT_DATA,provisional_structured,vnstock_finance_v1,vnstock,2026-05-27T11:09:36.663569,batch_0008
ITC,HOSE,Công ty Cổ phần Đầu tư - Kinh doanh nhà,BLOCKED_INSUFFICIENT_MARKET_DATA,PROVISIONAL_PRIMARY_ONLY,PROVISIONAL_LOW,NOT_AVAILABLE,NEEDS_MANUAL_BCTC_REVIEW,True,False,True,True,"[""Market source remains primary-only."", ""Finance source remains provisional low."", ""Independent source-family confirmation is not available."", ""Manual BCTC review is required before deeper analysis.""]","[""capex"", ""cfo"", ""equity"", ""gross_profit"", ""last_close"", ""last_price_date"", ""net_income"", ""revenue"", ""total_assets"", ""total_liabilities""]","[""Primary market data missing or incomplete.""]",Primary market data missing or incomplete.,,,100570.0,,100570.0,,,,,"[""capex"", ""cfo"", ""equity"", ""gross_profit"", ""net_income"", ""revenue"", ""total_assets"", ""total_liabilities""]",PARTIAL_PROVISIONAL_DATA,provisional_structured,vnstock_finance_v1,vnstock,2026-05-27T11:09:42.503697,batch_0008
ITD,HOSE,Công ty Cổ phần Công nghệ ITD,BLOCKED_INSUFFICIENT_MARKET_DATA,PROVISIONAL_PRIMARY_ONLY,PROVISIONAL_LOW,NOT_AVAILABLE,NEEDS_MANUAL_BCTC_REVIEW,True,False,True,True,"[""Market source remains primary-only."", ""Finance source remains provisional low."", ""Independent source-family confirmation is not available."", ""Manual BCTC review is required before deeper analysis.""]","[""capex"", ""cfo"", ""equity"", ""gross_profit"", ""last_close"", ""last_price_date"", ""net_income"", ""revenue"", ""total_assets"", ""total_liabilities""]","[""Primary market data missing or incomplete.""]",Primary market data missing or incomplete.,,,9670.0,,9670.0,,,,,"[""capex"", ""cfo"", ""equity"", ""gross_profit"", ""net_income"", ""revenue"", ""total_assets"", ""total_liabilities""]",PARTIAL_PROVISIONAL_DATA,provisional_structured,vnstock_finance_v1,vnstock,2026-05-27T11:09:48.567567,batch_0008
ITQ,HNX,Công ty Cổ phần Tập đoàn Thiên Quang,BLOCKED_INSUFFICIENT_MARKET_DATA,PROVISIONAL_PRIMARY_ONLY,PROVISIONAL_LOW,NOT_AVAILABLE,NEEDS_MANUAL_BCTC_REVIEW,True,False,True,True,"[""Market source remains primary-only."", ""Finance source remains provisional low."", ""Independent source-family confirmation is not available."", ""Manual BCTC review is required before deeper analysis.""]","[""capex"", ""cfo"", ""equity"", ""gross_profit"", ""last_close"", ""last_price_date"", ""net_income"", ""revenue"", ""total_assets"", ""total_liabilities""]","[""Primary market data missing or incomplete.""]",Primary market data missing or incomplete.,,,62270.0,,62270.0,,,,,"[""capex"", ""cfo"", ""equity"", ""gross_profit"", ""net_income"", ""revenue"", ""total_assets"", ""total_liabilities""]",PARTIAL_PROVISIONAL_DATA,provisional_structured,vnstock_finance_v1,vnstock,2026-05-27T11:09:54.841334,batch_0008
ITS,UPCoM,"Công ty Cổ phần Đầu tư, Thương mại và Dịch vụ - Vinacomin",BLOCKED_INSUFFICIENT_MARKET_DATA,PROVISIONAL_PRIMARY_ONLY,PROVISIONAL_LOW,NOT_AVAILABLE,NEEDS_MANUAL_BCTC_REVIEW,True,False,True,True,"[""Market source remains primary-only."", ""Finance source remains provisional low."", ""Independent source-family confirmation is not available."", ""Manual BCTC review is required before deeper analysis.""]","[""capex"", ""cfo"", ""equity"", ""gross_profit"", ""last_close"", ""last_price_date"", ""net_income"", ""revenue"", ""total_assets"", ""total_liabilities""]","[""Primary market data missing or incomplete.""]",Primary market data missing or incomplete.,,,1230.0,,1230.0,,,,,"[""capex"", ""cfo"", ""equity"", ""gross_profit"", ""net_income"", ""revenue"", ""total_assets"", ""total_liabilities""]",PARTIAL_PROVISIONAL_DATA,provisional_structured,vnstock_finance_v1,vnstock,2026-05-27T11:10:01.384653,batch_0008
IVS,HNX,Công ty Cổ phần Chứng khoán Guotai Junan (Việt Nam),BLOCKED_INSUFFICIENT_MARKET_DATA,PROVISIONAL_PRIMARY_ONLY,PROVISIONAL_LOW,NOT_AVAILABLE,NEEDS_MANUAL_BCTC_REVIEW,True,False,True,True,"[""Market source remains primary-only."", ""Finance source remains provisional low."", ""Independent source-family confirmation is not available."", ""Manual BCTC review is required before deeper analysis.""]","[""capex"", ""cfo"", ""equity"", ""gross_profit"", ""last_price_date"", ""net_income"", ""revenue"", ""total_assets"", ""total_liabilities""]","[""Primary market data missing or incomplete.""]",Primary market data missing or incomplete.,,7.0,72720.0,,72720.0,,,509040.0,,"[""capex"", ""cfo"", ""equity"", ""gross_profit"", ""net_income"", ""revenue"", ""total_assets"", ""total_liabilities""]",PARTIAL_PROVISIONAL_DATA,provisional_structured,vnstock_finance_v1,vnstock,2026-05-27T11:10:06.810970,batch_0008
JOS,UPCoM,Công ty Cổ phần Chế biến Thủy sản Xuất khẩu Minh Hải,BLOCKED_INSUFFICIENT_MARKET_DATA,PROVISIONAL_PRIMARY_ONLY,PROVISIONAL_LOW,NOT_AVAILABLE,NEEDS_MANUAL_BCTC_REVIEW,True,False,True,True,"[""Market source remains primary-only."", ""Finance source remains provisional low."", ""Independent source-family confirmation is not available."", ""Manual BCTC review is required before deeper analysis.""]","[""capex"", ""cfo"", ""equity"", ""gross_profit"", ""last_close"", ""last_price_date"", ""net_income"", ""revenue"", ""total_assets"", ""total_liabilities""]","[""Primary market data missing or incomplete.""]",Primary market data missing or incomplete.,,,1670.0,,1670.0,,,,,"[""capex"", ""cfo"", ""equity"", ""gross_profit"", ""net_income"", ""revenue"", ""total_assets"", ""total_liabilities""]",PARTIAL_PROVISIONAL_DATA,provisional_structured,vnstock_finance_v1,vnstock,2026-05-27T11:10:12.721369,batch_0008
JVC,HOSE,Công ty Cổ phần Đầu tư Y tế - Dược phẩm Việt Nam,BLOCKED_INSUFFICIENT_MARKET_DATA,PROVISIONAL_PRIMARY_ONLY,PROVISIONAL_LOW,NOT_AVAILABLE,NEEDS_MANUAL_BCTC_REVIEW,True,False,True,True,"[""Market source remains primary-only."", ""Finance source remains provisional low."", ""Independent source-family confirmation is not available."", ""Manual BCTC review is required before deeper analysis.""]","[""capex"", ""cfo"", ""equity"", ""gross_profit"", ""last_close"", ""last_price_date"", ""net_income"", ""revenue"", ""total_assets"", ""total_liabilities""]","[""Primary market data missing or incomplete.""]",Primary market data missing or incomplete.,,,103490.0,,103490.0,,,,,"[""capex"", ""cfo"", ""equity"", ""gross_profit"", ""net_income"", ""revenue"", ""total_assets"", ""total_liabilities""]",PARTIAL_PROVISIONAL_DATA,provisional_structured,vnstock_finance_v1,vnstock,2026-05-27T11:10:18.838277,batch_0008
KAC,UPCoM,Công ty Cổ phần Đầu tư Địa ốc Khang An,BLOCKED_INSUFFICIENT_MARKET_DATA,PROVISIONAL_PRIMARY_ONLY,PROVISIONAL_LOW,NOT_AVAILABLE,NEEDS_MANUAL_BCTC_REVIEW,True,False,True,True,"[""Market source remains primary-only."", ""Finance source remains provisional low."", ""Independent source-family confirmation is not available."", ""Manual BCTC review is required before deeper analysis.""]","[""avg_volume_20d"", ""capex"", ""cfo"", ""equity"", ""gross_profit"", ""last_close"", ""last_price_date"", ""net_income"", ""revenue"", ""total_assets"", ""total_liabilities""]","[""Primary market data missing or incomplete.""]",Primary market data missing or incomplete.,,,,,,,,,,"[""capex"", ""cfo"", ""equity"", ""gross_profit"", ""net_income"", ""revenue"", ""total_assets"", ""total_liabilities""]",INSUFFICIENT_DATA,provisional_structured,vnstock_finance_v1,vnstock,2026-05-27T11:10:25.024550,batch_0008
