ticker,module,issue,severity,status,evidence,confidence,notes
,coverage_report,MANUAL_REVIEW,MEDIUM,MANUAL_REVIEW_REQUIRED,market_price,low,"required_fields=ticker,date,close,volume,trading_value; stale data present; low confidence rows present; manual review rows present"
,coverage_report,MISSING_DATA,MEDIUM,MANUAL_REVIEW_REQUIRED,financial_statement_summary,low,"required_fields=ticker,period,revenue,net_profit,equity,total_assets,total_liabilities; missing required values present"
VCB,production_universe_builder,MISSING_FINANCIAL_DATA,MEDIUM,MANUAL_REVIEW,,MISSING_DATA,
VCB,production_universe_builder,MARKET_DATA_QUALITY_REVIEW,LOW,MANUAL_REVIEW,,MISSING_DATA,
VCB,production_universe_builder,FINANCIAL_DATA_QUALITY_REVIEW,LOW,MANUAL_REVIEW,,MISSING_DATA,
BID,production_universe_builder,MISSING_FINANCIAL_DATA,MEDIUM,MANUAL_REVIEW,,MISSING_DATA,
BID,production_universe_builder,MARKET_DATA_QUALITY_REVIEW,LOW,MANUAL_REVIEW,,MISSING_DATA,
BID,production_universe_builder,FINANCIAL_DATA_QUALITY_REVIEW,LOW,MANUAL_REVIEW,,MISSING_DATA,
CTG,production_universe_builder,MISSING_FINANCIAL_DATA,MEDIUM,MANUAL_REVIEW,,MISSING_DATA,
CTG,production_universe_builder,MARKET_DATA_QUALITY_REVIEW,LOW,MANUAL_REVIEW,,MISSING_DATA,
CTG,production_universe_builder,FINANCIAL_DATA_QUALITY_REVIEW,LOW,MANUAL_REVIEW,,MISSING_DATA,
MBB,production_universe_builder,MISSING_FINANCIAL_DATA,MEDIUM,MANUAL_REVIEW,,MISSING_DATA,
MBB,production_universe_builder,MARKET_DATA_QUALITY_REVIEW,LOW,MANUAL_REVIEW,,MISSING_DATA,
MBB,production_universe_builder,FINANCIAL_DATA_QUALITY_REVIEW,LOW,MANUAL_REVIEW,,MISSING_DATA,
ACB,production_universe_builder,MISSING_FINANCIAL_DATA,MEDIUM,MANUAL_REVIEW,,MISSING_DATA,
ACB,production_universe_builder,MARKET_DATA_QUALITY_REVIEW,LOW,MANUAL_REVIEW,,MISSING_DATA,
ACB,production_universe_builder,FINANCIAL_DATA_QUALITY_REVIEW,LOW,MANUAL_REVIEW,,MISSING_DATA,
HPG,production_universe_builder,MISSING_FINANCIAL_DATA,MEDIUM,MANUAL_REVIEW,,MISSING_DATA,
HPG,production_universe_builder,MARKET_DATA_QUALITY_REVIEW,LOW,MANUAL_REVIEW,,MISSING_DATA,
HPG,production_universe_builder,FINANCIAL_DATA_QUALITY_REVIEW,LOW,MANUAL_REVIEW,,MISSING_DATA,
HSG,production_universe_builder,MISSING_FINANCIAL_DATA,MEDIUM,MANUAL_REVIEW,,MISSING_DATA,
HSG,production_universe_builder,MARKET_DATA_QUALITY_REVIEW,LOW,MANUAL_REVIEW,,MISSING_DATA,
VHM,production_universe_builder,MISSING_FINANCIAL_DATA,MEDIUM,MANUAL_REVIEW,,MISSING_DATA,
VHM,production_universe_builder,MARKET_DATA_QUALITY_REVIEW,LOW,MANUAL_REVIEW,,MISSING_DATA,
KDH,production_universe_builder,MISSING_FINANCIAL_DATA,MEDIUM,MANUAL_REVIEW,,MISSING_DATA,
KDH,production_universe_builder,MARKET_DATA_QUALITY_REVIEW,LOW,MANUAL_REVIEW,,MISSING_DATA,
NLG,production_universe_builder,MISSING_FINANCIAL_DATA,MEDIUM,MANUAL_REVIEW,,MISSING_DATA,
NLG,production_universe_builder,MARKET_DATA_QUALITY_REVIEW,LOW,MANUAL_REVIEW,,MISSING_DATA,
SSI,production_universe_builder,MISSING_FINANCIAL_DATA,MEDIUM,MANUAL_REVIEW,,MISSING_DATA,
SSI,production_universe_builder,MARKET_DATA_QUALITY_REVIEW,LOW,MANUAL_REVIEW,,MISSING_DATA,
VND,production_universe_builder,MISSING_FINANCIAL_DATA,MEDIUM,MANUAL_REVIEW,,MISSING_DATA,
VND,production_universe_builder,MARKET_DATA_QUALITY_REVIEW,LOW,MANUAL_REVIEW,,MISSING_DATA,
GAS,production_universe_builder,MISSING_FINANCIAL_DATA,MEDIUM,MANUAL_REVIEW,,MISSING_DATA,
GAS,production_universe_builder,MARKET_DATA_QUALITY_REVIEW,LOW,MANUAL_REVIEW,,MISSING_DATA,
PVS,production_universe_builder,MISSING_FINANCIAL_DATA,MEDIUM,MANUAL_REVIEW,,MISSING_DATA,
PVS,production_universe_builder,MARKET_DATA_QUALITY_REVIEW,LOW,MANUAL_REVIEW,,MISSING_DATA,
FPT,production_universe_builder,MISSING_FINANCIAL_DATA,MEDIUM,MANUAL_REVIEW,,MISSING_DATA,
FPT,production_universe_builder,MARKET_DATA_QUALITY_REVIEW,LOW,MANUAL_REVIEW,,MISSING_DATA,
MWG,production_universe_builder,MISSING_FINANCIAL_DATA,MEDIUM,MANUAL_REVIEW,,MISSING_DATA,
MWG,production_universe_builder,MARKET_DATA_QUALITY_REVIEW,LOW,MANUAL_REVIEW,,MISSING_DATA,
VGC,production_universe_builder,MISSING_FINANCIAL_DATA,MEDIUM,MANUAL_REVIEW,,MISSING_DATA,
VGC,production_universe_builder,MARKET_DATA_QUALITY_REVIEW,LOW,MANUAL_REVIEW,,MISSING_DATA,
GMD,production_universe_builder,MISSING_FINANCIAL_DATA,MEDIUM,MANUAL_REVIEW,,MISSING_DATA,
GMD,production_universe_builder,MARKET_DATA_QUALITY_REVIEW,LOW,MANUAL_REVIEW,,MISSING_DATA,
VHC,production_universe_builder,MISSING_FINANCIAL_DATA,MEDIUM,MANUAL_REVIEW,,MISSING_DATA,
VHC,production_universe_builder,MARKET_DATA_QUALITY_REVIEW,LOW,MANUAL_REVIEW,,MISSING_DATA,
TCM,production_universe_builder,MISSING_FINANCIAL_DATA,MEDIUM,MANUAL_REVIEW,,MISSING_DATA,
TCM,production_universe_builder,MARKET_DATA_QUALITY_REVIEW,LOW,MANUAL_REVIEW,,MISSING_DATA,
VCB,l0_trash_filter,MISSING_FINANCIAL_DATA,MEDIUM,INSUFFICIENT_DATA_FOR_L0,"['has_financial_data', 'market:quality_status', 'market:final_confidence', 'avg_trading_value=5.10834e+08', 'avg_volume=8.38168e+06', 'zero_volume_day_ratio=0', 'market_price:volume,trading_value', 'financial_statement_summary:net_profit', 'financial_statement_summary:operating_cash_flow', 'debt_to_equity=9.90009', 'financial_statement_summary:total_liabilities,equity']",low,
VCB,l0_trash_filter,MISSING_ESSENTIAL_FINANCIAL_FIELD_NET_PROFIT,MEDIUM,INSUFFICIENT_DATA_FOR_L0,"['has_financial_data', 'market:quality_status', 'market:final_confidence', 'avg_trading_value=5.10834e+08', 'avg_volume=8.38168e+06', 'zero_volume_day_ratio=0', 'market_price:volume,trading_value', 'financial_statement_summary:net_profit', 'financial_statement_summary:operating_cash_flow', 'debt_to_equity=9.90009', 'financial_statement_summary:total_liabilities,equity']",low,
VCB,l0_trash_filter,MISSING_ESSENTIAL_FINANCIAL_FIELD_OPERATING_CASH_FLOW,MEDIUM,INSUFFICIENT_DATA_FOR_L0,"['has_financial_data', 'market:quality_status', 'market:final_confidence', 'avg_trading_value=5.10834e+08', 'avg_volume=8.38168e+06', 'zero_volume_day_ratio=0', 'market_price:volume,trading_value', 'financial_statement_summary:net_profit', 'financial_statement_summary:operating_cash_flow', 'debt_to_equity=9.90009', 'financial_statement_summary:total_liabilities,equity']",low,
BID,l0_trash_filter,MISSING_FINANCIAL_DATA,MEDIUM,INSUFFICIENT_DATA_FOR_L0,"['has_financial_data', 'market:quality_status', 'market:final_confidence', 'avg_trading_value=3.37179e+08', 'avg_volume=8.0759e+06', 'zero_volume_day_ratio=0', 'market_price:volume,trading_value', 'financial_statement_summary:net_profit', 'financial_statement_summary:operating_cash_flow', 'debt_to_equity=16.7744', 'financial_statement_summary:total_liabilities,equity']",low,
BID,l0_trash_filter,MISSING_ESSENTIAL_FINANCIAL_FIELD_NET_PROFIT,MEDIUM,INSUFFICIENT_DATA_FOR_L0,"['has_financial_data', 'market:quality_status', 'market:final_confidence', 'avg_trading_value=3.37179e+08', 'avg_volume=8.0759e+06', 'zero_volume_day_ratio=0', 'market_price:volume,trading_value', 'financial_statement_summary:net_profit', 'financial_statement_summary:operating_cash_flow', 'debt_to_equity=16.7744', 'financial_statement_summary:total_liabilities,equity']",low,
BID,l0_trash_filter,MISSING_ESSENTIAL_FINANCIAL_FIELD_OPERATING_CASH_FLOW,MEDIUM,INSUFFICIENT_DATA_FOR_L0,"['has_financial_data', 'market:quality_status', 'market:final_confidence', 'avg_trading_value=3.37179e+08', 'avg_volume=8.0759e+06', 'zero_volume_day_ratio=0', 'market_price:volume,trading_value', 'financial_statement_summary:net_profit', 'financial_statement_summary:operating_cash_flow', 'debt_to_equity=16.7744', 'financial_statement_summary:total_liabilities,equity']",low,
CTG,l0_trash_filter,MISSING_FINANCIAL_DATA,MEDIUM,INSUFFICIENT_DATA_FOR_L0,"['has_financial_data', 'market:quality_status', 'market:final_confidence', 'avg_trading_value=3.34479e+08', 'avg_volume=9.53264e+06', 'zero_volume_day_ratio=0', 'market_price:volume,trading_value', 'financial_statement_summary:net_profit', 'financial_statement_summary:operating_cash_flow', 'debt_to_equity=14.4971', 'financial_statement_summary:total_liabilities,equity']",low,
CTG,l0_trash_filter,MISSING_ESSENTIAL_FINANCIAL_FIELD_NET_PROFIT,MEDIUM,INSUFFICIENT_DATA_FOR_L0,"['has_financial_data', 'market:quality_status', 'market:final_confidence', 'avg_trading_value=3.34479e+08', 'avg_volume=9.53264e+06', 'zero_volume_day_ratio=0', 'market_price:volume,trading_value', 'financial_statement_summary:net_profit', 'financial_statement_summary:operating_cash_flow', 'debt_to_equity=14.4971', 'financial_statement_summary:total_liabilities,equity']",low,
CTG,l0_trash_filter,MISSING_ESSENTIAL_FINANCIAL_FIELD_OPERATING_CASH_FLOW,MEDIUM,INSUFFICIENT_DATA_FOR_L0,"['has_financial_data', 'market:quality_status', 'market:final_confidence', 'avg_trading_value=3.34479e+08', 'avg_volume=9.53264e+06', 'zero_volume_day_ratio=0', 'market_price:volume,trading_value', 'financial_statement_summary:net_profit', 'financial_statement_summary:operating_cash_flow', 'debt_to_equity=14.4971', 'financial_statement_summary:total_liabilities,equity']",low,
MBB,l0_trash_filter,MISSING_FINANCIAL_DATA,MEDIUM,INSUFFICIENT_DATA_FOR_L0,"['has_financial_data', 'market:quality_status', 'market:final_confidence', 'avg_trading_value=4.7226e+08', 'avg_volume=1.81191e+07', 'zero_volume_day_ratio=0', 'market_price:volume,trading_value', 'financial_statement_summary:net_profit', 'financial_statement_summary:operating_cash_flow', 'debt_to_equity=9.75975', 'financial_statement_summary:total_liabilities,equity']",low,
MBB,l0_trash_filter,MISSING_ESSENTIAL_FINANCIAL_FIELD_NET_PROFIT,MEDIUM,INSUFFICIENT_DATA_FOR_L0,"['has_financial_data', 'market:quality_status', 'market:final_confidence', 'avg_trading_value=4.7226e+08', 'avg_volume=1.81191e+07', 'zero_volume_day_ratio=0', 'market_price:volume,trading_value', 'financial_statement_summary:net_profit', 'financial_statement_summary:operating_cash_flow', 'debt_to_equity=9.75975', 'financial_statement_summary:total_liabilities,equity']",low,
MBB,l0_trash_filter,MISSING_ESSENTIAL_FINANCIAL_FIELD_OPERATING_CASH_FLOW,MEDIUM,INSUFFICIENT_DATA_FOR_L0,"['has_financial_data', 'market:quality_status', 'market:final_confidence', 'avg_trading_value=4.7226e+08', 'avg_volume=1.81191e+07', 'zero_volume_day_ratio=0', 'market_price:volume,trading_value', 'financial_statement_summary:net_profit', 'financial_statement_summary:operating_cash_flow', 'debt_to_equity=9.75975', 'financial_statement_summary:total_liabilities,equity']",low,
ACB,l0_trash_filter,MISSING_FINANCIAL_DATA,MEDIUM,INSUFFICIENT_DATA_FOR_L0,"['has_financial_data', 'market:quality_status', 'market:final_confidence', 'avg_trading_value=3.83532e+08', 'avg_volume=1.61561e+07', 'zero_volume_day_ratio=0', 'market_price:volume,trading_value', 'financial_statement_summary:net_profit', 'financial_statement_summary:operating_cash_flow', 'debt_to_equity=9.43939', 'financial_statement_summary:total_liabilities,equity']",low,
ACB,l0_trash_filter,MISSING_ESSENTIAL_FINANCIAL_FIELD_NET_PROFIT,MEDIUM,INSUFFICIENT_DATA_FOR_L0,"['has_financial_data', 'market:quality_status', 'market:final_confidence', 'avg_trading_value=3.83532e+08', 'avg_volume=1.61561e+07', 'zero_volume_day_ratio=0', 'market_price:volume,trading_value', 'financial_statement_summary:net_profit', 'financial_statement_summary:operating_cash_flow', 'debt_to_equity=9.43939', 'financial_statement_summary:total_liabilities,equity']",low,
ACB,l0_trash_filter,MISSING_ESSENTIAL_FINANCIAL_FIELD_OPERATING_CASH_FLOW,MEDIUM,INSUFFICIENT_DATA_FOR_L0,"['has_financial_data', 'market:quality_status', 'market:final_confidence', 'avg_trading_value=3.83532e+08', 'avg_volume=1.61561e+07', 'zero_volume_day_ratio=0', 'market_price:volume,trading_value', 'financial_statement_summary:net_profit', 'financial_statement_summary:operating_cash_flow', 'debt_to_equity=9.43939', 'financial_statement_summary:total_liabilities,equity']",low,
HPG,l0_trash_filter,MISSING_FINANCIAL_DATA,MEDIUM,INSUFFICIENT_DATA_FOR_L0,"['has_financial_data', 'market:quality_status', 'market:final_confidence', 'avg_trading_value=8.66616e+08', 'avg_volume=3.55877e+07', 'zero_volume_day_ratio=0', 'market_price:volume,trading_value', 'financial_statement_summary:net_profit', 'debt_to_equity=0.855231']",low,
HPG,l0_trash_filter,MISSING_ESSENTIAL_FINANCIAL_FIELD_NET_PROFIT,MEDIUM,INSUFFICIENT_DATA_FOR_L0,"['has_financial_data', 'market:quality_status', 'market:final_confidence', 'avg_trading_value=8.66616e+08', 'avg_volume=3.55877e+07', 'zero_volume_day_ratio=0', 'market_price:volume,trading_value', 'financial_statement_summary:net_profit', 'debt_to_equity=0.855231']",low,
HSG,l0_trash_filter,MISSING_FINANCIAL_DATA,MEDIUM,L0_REJECT,"['has_financial_data', 'financial_statement_summary', 'market:quality_status', 'market:final_confidence', 'avg_trading_value=4.64249e+07', 'avg_volume=3.88524e+06', 'zero_volume_day_ratio=0', 'market_price:volume,trading_value']",low,
HSG,l0_trash_filter,VERY_LOW_LIQUIDITY,LOW,L0_REJECT,"['has_financial_data', 'financial_statement_summary', 'market:quality_status', 'market:final_confidence', 'avg_trading_value=4.64249e+07', 'avg_volume=3.88524e+06', 'zero_volume_day_ratio=0', 'market_price:volume,trading_value']",low,
VHM,l0_trash_filter,MISSING_FINANCIAL_DATA,MEDIUM,INSUFFICIENT_DATA_FOR_L0,"['has_financial_data', 'financial_statement_summary', 'market:quality_status', 'market:final_confidence', 'avg_trading_value=7.81926e+08', 'avg_volume=6.06439e+06', 'zero_volume_day_ratio=0', 'market_price:volume,trading_value']",low,
KDH,l0_trash_filter,MISSING_FINANCIAL_DATA,MEDIUM,INSUFFICIENT_DATA_FOR_L0,"['has_financial_data', 'financial_statement_summary', 'market:quality_status', 'market:final_confidence', 'avg_trading_value=1.12818e+08', 'avg_volume=4.51218e+06', 'zero_volume_day_ratio=0', 'market_price:volume,trading_value']",low,
NLG,l0_trash_filter,MISSING_FINANCIAL_DATA,MEDIUM,L0_REJECT,"['has_financial_data', 'financial_statement_summary', 'market:quality_status', 'market:final_confidence', 'avg_trading_value=8.48739e+07', 'avg_volume=3.09239e+06', 'zero_volume_day_ratio=0', 'market_price:volume,trading_value']",low,
NLG,l0_trash_filter,VERY_LOW_LIQUIDITY,LOW,L0_REJECT,"['has_financial_data', 'financial_statement_summary', 'market:quality_status', 'market:final_confidence', 'avg_trading_value=8.48739e+07', 'avg_volume=3.09239e+06', 'zero_volume_day_ratio=0', 'market_price:volume,trading_value']",low,
SSI,l0_trash_filter,MISSING_FINANCIAL_DATA,MEDIUM,INSUFFICIENT_DATA_FOR_L0,"['has_financial_data', 'financial_statement_summary', 'market:quality_status', 'market:final_confidence', 'avg_trading_value=8.48283e+08', 'avg_volume=2.92428e+07', 'zero_volume_day_ratio=0', 'market_price:volume,trading_value']",low,
VND,l0_trash_filter,MISSING_FINANCIAL_DATA,MEDIUM,INSUFFICIENT_DATA_FOR_L0,"['has_financial_data', 'financial_statement_summary', 'market:quality_status', 'market:final_confidence', 'avg_trading_value=2.24761e+08', 'avg_volume=1.36963e+07', 'zero_volume_day_ratio=0', 'market_price:volume,trading_value']",low,
GAS,l0_trash_filter,MISSING_FINANCIAL_DATA,MEDIUM,INSUFFICIENT_DATA_FOR_L0,"['has_financial_data', 'financial_statement_summary', 'market:quality_status', 'market:final_confidence', 'avg_trading_value=2.25706e+08', 'avg_volume=2.48142e+06', 'zero_volume_day_ratio=0', 'market_price:volume,trading_value']",low,
PVS,l0_trash_filter,MISSING_FINANCIAL_DATA,MEDIUM,INSUFFICIENT_DATA_FOR_L0,"['has_financial_data', 'financial_statement_summary', 'market:quality_status', 'market:final_confidence', 'avg_trading_value=2.88934e+08', 'avg_volume=6.69113e+06', 'zero_volume_day_ratio=0', 'market_price:volume,trading_value']",low,
FPT,l0_trash_filter,MISSING_FINANCIAL_DATA,MEDIUM,INSUFFICIENT_DATA_FOR_L0,"['has_financial_data', 'financial_statement_summary', 'market:quality_status', 'market:final_confidence', 'avg_trading_value=8.57836e+08', 'avg_volume=1.1293e+07', 'zero_volume_day_ratio=0', 'market_price:volume,trading_value']",low,
MWG,l0_trash_filter,MISSING_FINANCIAL_DATA,MEDIUM,INSUFFICIENT_DATA_FOR_L0,"['has_financial_data', 'financial_statement_summary', 'market:quality_status', 'market:final_confidence', 'avg_trading_value=5.80576e+08', 'avg_volume=7.04664e+06', 'zero_volume_day_ratio=0', 'market_price:volume,trading_value']",low,
VGC,l0_trash_filter,MISSING_FINANCIAL_DATA,MEDIUM,L0_REJECT,"['has_financial_data', 'financial_statement_summary', 'market:quality_status', 'market:final_confidence', 'avg_trading_value=3.89046e+07', 'avg_volume=855458', 'zero_volume_day_ratio=0', 'market_price:volume,trading_value']",low,
VGC,l0_trash_filter,VERY_LOW_LIQUIDITY,LOW,L0_REJECT,"['has_financial_data', 'financial_statement_summary', 'market:quality_status', 'market:final_confidence', 'avg_trading_value=3.89046e+07', 'avg_volume=855458', 'zero_volume_day_ratio=0', 'market_price:volume,trading_value']",low,
GMD,l0_trash_filter,MISSING_FINANCIAL_DATA,MEDIUM,INSUFFICIENT_DATA_FOR_L0,"['has_financial_data', 'financial_statement_summary', 'market:quality_status', 'market:final_confidence', 'avg_trading_value=1.2965e+08', 'avg_volume=1.73408e+06', 'zero_volume_day_ratio=0', 'market_price:volume,trading_value']",low,
VHC,l0_trash_filter,MISSING_FINANCIAL_DATA,MEDIUM,L0_REJECT,"['has_financial_data', 'financial_statement_summary', 'market:quality_status', 'market:final_confidence', 'avg_trading_value=5.523e+07', 'avg_volume=913149', 'zero_volume_day_ratio=0', 'market_price:volume,trading_value']",low,
VHC,l0_trash_filter,VERY_LOW_LIQUIDITY,LOW,L0_REJECT,"['has_financial_data', 'financial_statement_summary', 'market:quality_status', 'market:final_confidence', 'avg_trading_value=5.523e+07', 'avg_volume=913149', 'zero_volume_day_ratio=0', 'market_price:volume,trading_value']",low,
TCM,l0_trash_filter,MISSING_FINANCIAL_DATA,MEDIUM,L0_REJECT,"['has_financial_data', 'financial_statement_summary', 'market:quality_status', 'market:final_confidence', 'avg_trading_value=2.35865e+07', 'avg_volume=1.07509e+06', 'zero_volume_day_ratio=0', 'market_price:volume,trading_value']",low,
TCM,l0_trash_filter,VERY_LOW_LIQUIDITY,LOW,L0_REJECT,"['has_financial_data', 'financial_statement_summary', 'market:quality_status', 'market:final_confidence', 'avg_trading_value=2.35865e+07', 'avg_volume=1.07509e+06', 'zero_volume_day_ratio=0', 'market_price:volume,trading_value']",low,
VCB,l0_basic_investability_filter,UPSTREAM_L0_CAUTION,LOW,INSUFFICIENT_DATA_FOR_BASIC_INVESTABILITY,"['l0_status=INSUFFICIENT_DATA_FOR_L0', 'valid_trading_days=67', 'avg_trading_value=5.10834e+08', 'avg_volume=8.38168e+06', 'market_cap=missing', 'missing_financial_field=net_profit', 'missing_financial_field=operating_cash_flow', 'debt_to_equity=9.90009']",low,
VCB,l0_basic_investability_filter,SUSPICIOUS_OUTLIER,LOW,INSUFFICIENT_DATA_FOR_BASIC_INVESTABILITY,"['l0_status=INSUFFICIENT_DATA_FOR_L0', 'valid_trading_days=67', 'avg_trading_value=5.10834e+08', 'avg_volume=8.38168e+06', 'market_cap=missing', 'missing_financial_field=net_profit', 'missing_financial_field=operating_cash_flow', 'debt_to_equity=9.90009']",low,
VCB,l0_basic_investability_filter,LOW_DATA_CONFIDENCE,LOW,INSUFFICIENT_DATA_FOR_BASIC_INVESTABILITY,"['l0_status=INSUFFICIENT_DATA_FOR_L0', 'valid_trading_days=67', 'avg_trading_value=5.10834e+08', 'avg_volume=8.38168e+06', 'market_cap=missing', 'missing_financial_field=net_profit', 'missing_financial_field=operating_cash_flow', 'debt_to_equity=9.90009']",low,
VCB,l0_basic_investability_filter,STALE_DATA,LOW,INSUFFICIENT_DATA_FOR_BASIC_INVESTABILITY,"['l0_status=INSUFFICIENT_DATA_FOR_L0', 'valid_trading_days=67', 'avg_trading_value=5.10834e+08', 'avg_volume=8.38168e+06', 'market_cap=missing', 'missing_financial_field=net_profit', 'missing_financial_field=operating_cash_flow', 'debt_to_equity=9.90009']",low,
VCB,l0_basic_investability_filter,LOW_LIQUIDITY,LOW,INSUFFICIENT_DATA_FOR_BASIC_INVESTABILITY,"['l0_status=INSUFFICIENT_DATA_FOR_L0', 'valid_trading_days=67', 'avg_trading_value=5.10834e+08', 'avg_volume=8.38168e+06', 'market_cap=missing', 'missing_financial_field=net_profit', 'missing_financial_field=operating_cash_flow', 'debt_to_equity=9.90009']",low,
VCB,l0_basic_investability_filter,MARKET_DATA_QUALITY_REVIEW,LOW,INSUFFICIENT_DATA_FOR_BASIC_INVESTABILITY,"['l0_status=INSUFFICIENT_DATA_FOR_L0', 'valid_trading_days=67', 'avg_trading_value=5.10834e+08', 'avg_volume=8.38168e+06', 'market_cap=missing', 'missing_financial_field=net_profit', 'missing_financial_field=operating_cash_flow', 'debt_to_equity=9.90009']",low,
VCB,l0_basic_investability_filter,MARKET_CAP_MISSING,MEDIUM,INSUFFICIENT_DATA_FOR_BASIC_INVESTABILITY,"['l0_status=INSUFFICIENT_DATA_FOR_L0', 'valid_trading_days=67', 'avg_trading_value=5.10834e+08', 'avg_volume=8.38168e+06', 'market_cap=missing', 'missing_financial_field=net_profit', 'missing_financial_field=operating_cash_flow', 'debt_to_equity=9.90009']",low,
VCB,l0_basic_investability_filter,UNKNOWN_DISCLOSURE_STATUS,LOW,INSUFFICIENT_DATA_FOR_BASIC_INVESTABILITY,"['l0_status=INSUFFICIENT_DATA_FOR_L0', 'valid_trading_days=67', 'avg_trading_value=5.10834e+08', 'avg_volume=8.38168e+06', 'market_cap=missing', 'missing_financial_field=net_profit', 'missing_financial_field=operating_cash_flow', 'debt_to_equity=9.90009']",low,
VCB,l0_basic_investability_filter,LOW_DATA_COVERAGE,LOW,INSUFFICIENT_DATA_FOR_BASIC_INVESTABILITY,"['l0_status=INSUFFICIENT_DATA_FOR_L0', 'valid_trading_days=67', 'avg_trading_value=5.10834e+08', 'avg_volume=8.38168e+06', 'market_cap=missing', 'missing_financial_field=net_profit', 'missing_financial_field=operating_cash_flow', 'debt_to_equity=9.90009']",low,
VCB,l0_basic_investability_filter,SEVERE_DEBT_PRESSURE,LOW,INSUFFICIENT_DATA_FOR_BASIC_INVESTABILITY,"['l0_status=INSUFFICIENT_DATA_FOR_L0', 'valid_trading_days=67', 'avg_trading_value=5.10834e+08', 'avg_volume=8.38168e+06', 'market_cap=missing', 'missing_financial_field=net_profit', 'missing_financial_field=operating_cash_flow', 'debt_to_equity=9.90009']",low,
BID,l0_basic_investability_filter,UPSTREAM_L0_CAUTION,LOW,INSUFFICIENT_DATA_FOR_BASIC_INVESTABILITY,"['l0_status=INSUFFICIENT_DATA_FOR_L0', 'valid_trading_days=67', 'avg_trading_value=3.37179e+08', 'avg_volume=8.0759e+06', 'market_cap=missing', 'missing_financial_field=net_profit', 'missing_financial_field=operating_cash_flow', 'debt_to_equity=16.7744']",low,
BID,l0_basic_investability_filter,LOW_DATA_CONFIDENCE,LOW,INSUFFICIENT_DATA_FOR_BASIC_INVESTABILITY,"['l0_status=INSUFFICIENT_DATA_FOR_L0', 'valid_trading_days=67', 'avg_trading_value=3.37179e+08', 'avg_volume=8.0759e+06', 'market_cap=missing', 'missing_financial_field=net_profit', 'missing_financial_field=operating_cash_flow', 'debt_to_equity=16.7744']",low,
BID,l0_basic_investability_filter,STALE_DATA,LOW,INSUFFICIENT_DATA_FOR_BASIC_INVESTABILITY,"['l0_status=INSUFFICIENT_DATA_FOR_L0', 'valid_trading_days=67', 'avg_trading_value=3.37179e+08', 'avg_volume=8.0759e+06', 'market_cap=missing', 'missing_financial_field=net_profit', 'missing_financial_field=operating_cash_flow', 'debt_to_equity=16.7744']",low,
BID,l0_basic_investability_filter,LOW_LIQUIDITY,LOW,INSUFFICIENT_DATA_FOR_BASIC_INVESTABILITY,"['l0_status=INSUFFICIENT_DATA_FOR_L0', 'valid_trading_days=67', 'avg_trading_value=3.37179e+08', 'avg_volume=8.0759e+06', 'market_cap=missing', 'missing_financial_field=net_profit', 'missing_financial_field=operating_cash_flow', 'debt_to_equity=16.7744']",low,
BID,l0_basic_investability_filter,MARKET_DATA_QUALITY_REVIEW,LOW,INSUFFICIENT_DATA_FOR_BASIC_INVESTABILITY,"['l0_status=INSUFFICIENT_DATA_FOR_L0', 'valid_trading_days=67', 'avg_trading_value=3.37179e+08', 'avg_volume=8.0759e+06', 'market_cap=missing', 'missing_financial_field=net_profit', 'missing_financial_field=operating_cash_flow', 'debt_to_equity=16.7744']",low,
BID,l0_basic_investability_filter,MARKET_CAP_MISSING,MEDIUM,INSUFFICIENT_DATA_FOR_BASIC_INVESTABILITY,"['l0_status=INSUFFICIENT_DATA_FOR_L0', 'valid_trading_days=67', 'avg_trading_value=3.37179e+08', 'avg_volume=8.0759e+06', 'market_cap=missing', 'missing_financial_field=net_profit', 'missing_financial_field=operating_cash_flow', 'debt_to_equity=16.7744']",low,
BID,l0_basic_investability_filter,UNKNOWN_DISCLOSURE_STATUS,LOW,INSUFFICIENT_DATA_FOR_BASIC_INVESTABILITY,"['l0_status=INSUFFICIENT_DATA_FOR_L0', 'valid_trading_days=67', 'avg_trading_value=3.37179e+08', 'avg_volume=8.0759e+06', 'market_cap=missing', 'missing_financial_field=net_profit', 'missing_financial_field=operating_cash_flow', 'debt_to_equity=16.7744']",low,
BID,l0_basic_investability_filter,LOW_DATA_COVERAGE,LOW,INSUFFICIENT_DATA_FOR_BASIC_INVESTABILITY,"['l0_status=INSUFFICIENT_DATA_FOR_L0', 'valid_trading_days=67', 'avg_trading_value=3.37179e+08', 'avg_volume=8.0759e+06', 'market_cap=missing', 'missing_financial_field=net_profit', 'missing_financial_field=operating_cash_flow', 'debt_to_equity=16.7744']",low,
BID,l0_basic_investability_filter,SEVERE_DEBT_PRESSURE,LOW,INSUFFICIENT_DATA_FOR_BASIC_INVESTABILITY,"['l0_status=INSUFFICIENT_DATA_FOR_L0', 'valid_trading_days=67', 'avg_trading_value=3.37179e+08', 'avg_volume=8.0759e+06', 'market_cap=missing', 'missing_financial_field=net_profit', 'missing_financial_field=operating_cash_flow', 'debt_to_equity=16.7744']",low,
CTG,l0_basic_investability_filter,UPSTREAM_L0_CAUTION,LOW,INSUFFICIENT_DATA_FOR_BASIC_INVESTABILITY,"['l0_status=INSUFFICIENT_DATA_FOR_L0', 'valid_trading_days=67', 'avg_trading_value=3.34479e+08', 'avg_volume=9.53264e+06', 'market_cap=missing', 'missing_financial_field=net_profit', 'missing_financial_field=operating_cash_flow', 'debt_to_equity=14.4971']",low,
CTG,l0_basic_investability_filter,LOW_DATA_CONFIDENCE,LOW,INSUFFICIENT_DATA_FOR_BASIC_INVESTABILITY,"['l0_status=INSUFFICIENT_DATA_FOR_L0', 'valid_trading_days=67', 'avg_trading_value=3.34479e+08', 'avg_volume=9.53264e+06', 'market_cap=missing', 'missing_financial_field=net_profit', 'missing_financial_field=operating_cash_flow', 'debt_to_equity=14.4971']",low,
CTG,l0_basic_investability_filter,STALE_DATA,LOW,INSUFFICIENT_DATA_FOR_BASIC_INVESTABILITY,"['l0_status=INSUFFICIENT_DATA_FOR_L0', 'valid_trading_days=67', 'avg_trading_value=3.34479e+08', 'avg_volume=9.53264e+06', 'market_cap=missing', 'missing_financial_field=net_profit', 'missing_financial_field=operating_cash_flow', 'debt_to_equity=14.4971']",low,
CTG,l0_basic_investability_filter,LOW_LIQUIDITY,LOW,INSUFFICIENT_DATA_FOR_BASIC_INVESTABILITY,"['l0_status=INSUFFICIENT_DATA_FOR_L0', 'valid_trading_days=67', 'avg_trading_value=3.34479e+08', 'avg_volume=9.53264e+06', 'market_cap=missing', 'missing_financial_field=net_profit', 'missing_financial_field=operating_cash_flow', 'debt_to_equity=14.4971']",low,
CTG,l0_basic_investability_filter,MARKET_DATA_QUALITY_REVIEW,LOW,INSUFFICIENT_DATA_FOR_BASIC_INVESTABILITY,"['l0_status=INSUFFICIENT_DATA_FOR_L0', 'valid_trading_days=67', 'avg_trading_value=3.34479e+08', 'avg_volume=9.53264e+06', 'market_cap=missing', 'missing_financial_field=net_profit', 'missing_financial_field=operating_cash_flow', 'debt_to_equity=14.4971']",low,
CTG,l0_basic_investability_filter,MARKET_CAP_MISSING,MEDIUM,INSUFFICIENT_DATA_FOR_BASIC_INVESTABILITY,"['l0_status=INSUFFICIENT_DATA_FOR_L0', 'valid_trading_days=67', 'avg_trading_value=3.34479e+08', 'avg_volume=9.53264e+06', 'market_cap=missing', 'missing_financial_field=net_profit', 'missing_financial_field=operating_cash_flow', 'debt_to_equity=14.4971']",low,
CTG,l0_basic_investability_filter,UNKNOWN_DISCLOSURE_STATUS,LOW,INSUFFICIENT_DATA_FOR_BASIC_INVESTABILITY,"['l0_status=INSUFFICIENT_DATA_FOR_L0', 'valid_trading_days=67', 'avg_trading_value=3.34479e+08', 'avg_volume=9.53264e+06', 'market_cap=missing', 'missing_financial_field=net_profit', 'missing_financial_field=operating_cash_flow', 'debt_to_equity=14.4971']",low,
CTG,l0_basic_investability_filter,LOW_DATA_COVERAGE,LOW,INSUFFICIENT_DATA_FOR_BASIC_INVESTABILITY,"['l0_status=INSUFFICIENT_DATA_FOR_L0', 'valid_trading_days=67', 'avg_trading_value=3.34479e+08', 'avg_volume=9.53264e+06', 'market_cap=missing', 'missing_financial_field=net_profit', 'missing_financial_field=operating_cash_flow', 'debt_to_equity=14.4971']",low,
CTG,l0_basic_investability_filter,SEVERE_DEBT_PRESSURE,LOW,INSUFFICIENT_DATA_FOR_BASIC_INVESTABILITY,"['l0_status=INSUFFICIENT_DATA_FOR_L0', 'valid_trading_days=67', 'avg_trading_value=3.34479e+08', 'avg_volume=9.53264e+06', 'market_cap=missing', 'missing_financial_field=net_profit', 'missing_financial_field=operating_cash_flow', 'debt_to_equity=14.4971']",low,
MBB,l0_basic_investability_filter,UPSTREAM_L0_CAUTION,LOW,INSUFFICIENT_DATA_FOR_BASIC_INVESTABILITY,"['l0_status=INSUFFICIENT_DATA_FOR_L0', 'valid_trading_days=67', 'avg_trading_value=4.7226e+08', 'avg_volume=1.81191e+07', 'market_cap=missing', 'missing_financial_field=net_profit', 'missing_financial_field=operating_cash_flow', 'debt_to_equity=9.75975']",low,
MBB,l0_basic_investability_filter,SUSPICIOUS_OUTLIER,LOW,INSUFFICIENT_DATA_FOR_BASIC_INVESTABILITY,"['l0_status=INSUFFICIENT_DATA_FOR_L0', 'valid_trading_days=67', 'avg_trading_value=4.7226e+08', 'avg_volume=1.81191e+07', 'market_cap=missing', 'missing_financial_field=net_profit', 'missing_financial_field=operating_cash_flow', 'debt_to_equity=9.75975']",low,
MBB,l0_basic_investability_filter,LOW_DATA_CONFIDENCE,LOW,INSUFFICIENT_DATA_FOR_BASIC_INVESTABILITY,"['l0_status=INSUFFICIENT_DATA_FOR_L0', 'valid_trading_days=67', 'avg_trading_value=4.7226e+08', 'avg_volume=1.81191e+07', 'market_cap=missing', 'missing_financial_field=net_profit', 'missing_financial_field=operating_cash_flow', 'debt_to_equity=9.75975']",low,
MBB,l0_basic_investability_filter,STALE_DATA,LOW,INSUFFICIENT_DATA_FOR_BASIC_INVESTABILITY,"['l0_status=INSUFFICIENT_DATA_FOR_L0', 'valid_trading_days=67', 'avg_trading_value=4.7226e+08', 'avg_volume=1.81191e+07', 'market_cap=missing', 'missing_financial_field=net_profit', 'missing_financial_field=operating_cash_flow', 'debt_to_equity=9.75975']",low,
MBB,l0_basic_investability_filter,LOW_LIQUIDITY,LOW,INSUFFICIENT_DATA_FOR_BASIC_INVESTABILITY,"['l0_status=INSUFFICIENT_DATA_FOR_L0', 'valid_trading_days=67', 'avg_trading_value=4.7226e+08', 'avg_volume=1.81191e+07', 'market_cap=missing', 'missing_financial_field=net_profit', 'missing_financial_field=operating_cash_flow', 'debt_to_equity=9.75975']",low,
MBB,l0_basic_investability_filter,MARKET_DATA_QUALITY_REVIEW,LOW,INSUFFICIENT_DATA_FOR_BASIC_INVESTABILITY,"['l0_status=INSUFFICIENT_DATA_FOR_L0', 'valid_trading_days=67', 'avg_trading_value=4.7226e+08', 'avg_volume=1.81191e+07', 'market_cap=missing', 'missing_financial_field=net_profit', 'missing_financial_field=operating_cash_flow', 'debt_to_equity=9.75975']",low,
MBB,l0_basic_investability_filter,MARKET_CAP_MISSING,MEDIUM,INSUFFICIENT_DATA_FOR_BASIC_INVESTABILITY,"['l0_status=INSUFFICIENT_DATA_FOR_L0', 'valid_trading_days=67', 'avg_trading_value=4.7226e+08', 'avg_volume=1.81191e+07', 'market_cap=missing', 'missing_financial_field=net_profit', 'missing_financial_field=operating_cash_flow', 'debt_to_equity=9.75975']",low,
MBB,l0_basic_investability_filter,UNKNOWN_DISCLOSURE_STATUS,LOW,INSUFFICIENT_DATA_FOR_BASIC_INVESTABILITY,"['l0_status=INSUFFICIENT_DATA_FOR_L0', 'valid_trading_days=67', 'avg_trading_value=4.7226e+08', 'avg_volume=1.81191e+07', 'market_cap=missing', 'missing_financial_field=net_profit', 'missing_financial_field=operating_cash_flow', 'debt_to_equity=9.75975']",low,
MBB,l0_basic_investability_filter,LOW_DATA_COVERAGE,LOW,INSUFFICIENT_DATA_FOR_BASIC_INVESTABILITY,"['l0_status=INSUFFICIENT_DATA_FOR_L0', 'valid_trading_days=67', 'avg_trading_value=4.7226e+08', 'avg_volume=1.81191e+07', 'market_cap=missing', 'missing_financial_field=net_profit', 'missing_financial_field=operating_cash_flow', 'debt_to_equity=9.75975']",low,
MBB,l0_basic_investability_filter,SEVERE_DEBT_PRESSURE,LOW,INSUFFICIENT_DATA_FOR_BASIC_INVESTABILITY,"['l0_status=INSUFFICIENT_DATA_FOR_L0', 'valid_trading_days=67', 'avg_trading_value=4.7226e+08', 'avg_volume=1.81191e+07', 'market_cap=missing', 'missing_financial_field=net_profit', 'missing_financial_field=operating_cash_flow', 'debt_to_equity=9.75975']",low,
ACB,l0_basic_investability_filter,UPSTREAM_L0_CAUTION,LOW,INSUFFICIENT_DATA_FOR_BASIC_INVESTABILITY,"['l0_status=INSUFFICIENT_DATA_FOR_L0', 'valid_trading_days=67', 'avg_trading_value=3.83532e+08', 'avg_volume=1.61561e+07', 'market_cap=missing', 'missing_financial_field=net_profit', 'missing_financial_field=operating_cash_flow', 'debt_to_equity=9.43939']",low,
ACB,l0_basic_investability_filter,SUSPICIOUS_OUTLIER,LOW,INSUFFICIENT_DATA_FOR_BASIC_INVESTABILITY,"['l0_status=INSUFFICIENT_DATA_FOR_L0', 'valid_trading_days=67', 'avg_trading_value=3.83532e+08', 'avg_volume=1.61561e+07', 'market_cap=missing', 'missing_financial_field=net_profit', 'missing_financial_field=operating_cash_flow', 'debt_to_equity=9.43939']",low,
ACB,l0_basic_investability_filter,LOW_DATA_CONFIDENCE,LOW,INSUFFICIENT_DATA_FOR_BASIC_INVESTABILITY,"['l0_status=INSUFFICIENT_DATA_FOR_L0', 'valid_trading_days=67', 'avg_trading_value=3.83532e+08', 'avg_volume=1.61561e+07', 'market_cap=missing', 'missing_financial_field=net_profit', 'missing_financial_field=operating_cash_flow', 'debt_to_equity=9.43939']",low,
ACB,l0_basic_investability_filter,STALE_DATA,LOW,INSUFFICIENT_DATA_FOR_BASIC_INVESTABILITY,"['l0_status=INSUFFICIENT_DATA_FOR_L0', 'valid_trading_days=67', 'avg_trading_value=3.83532e+08', 'avg_volume=1.61561e+07', 'market_cap=missing', 'missing_financial_field=net_profit', 'missing_financial_field=operating_cash_flow', 'debt_to_equity=9.43939']",low,
ACB,l0_basic_investability_filter,LOW_LIQUIDITY,LOW,INSUFFICIENT_DATA_FOR_BASIC_INVESTABILITY,"['l0_status=INSUFFICIENT_DATA_FOR_L0', 'valid_trading_days=67', 'avg_trading_value=3.83532e+08', 'avg_volume=1.61561e+07', 'market_cap=missing', 'missing_financial_field=net_profit', 'missing_financial_field=operating_cash_flow', 'debt_to_equity=9.43939']",low,
ACB,l0_basic_investability_filter,MARKET_DATA_QUALITY_REVIEW,LOW,INSUFFICIENT_DATA_FOR_BASIC_INVESTABILITY,"['l0_status=INSUFFICIENT_DATA_FOR_L0', 'valid_trading_days=67', 'avg_trading_value=3.83532e+08', 'avg_volume=1.61561e+07', 'market_cap=missing', 'missing_financial_field=net_profit', 'missing_financial_field=operating_cash_flow', 'debt_to_equity=9.43939']",low,
ACB,l0_basic_investability_filter,MARKET_CAP_MISSING,MEDIUM,INSUFFICIENT_DATA_FOR_BASIC_INVESTABILITY,"['l0_status=INSUFFICIENT_DATA_FOR_L0', 'valid_trading_days=67', 'avg_trading_value=3.83532e+08', 'avg_volume=1.61561e+07', 'market_cap=missing', 'missing_financial_field=net_profit', 'missing_financial_field=operating_cash_flow', 'debt_to_equity=9.43939']",low,
ACB,l0_basic_investability_filter,UNKNOWN_DISCLOSURE_STATUS,LOW,INSUFFICIENT_DATA_FOR_BASIC_INVESTABILITY,"['l0_status=INSUFFICIENT_DATA_FOR_L0', 'valid_trading_days=67', 'avg_trading_value=3.83532e+08', 'avg_volume=1.61561e+07', 'market_cap=missing', 'missing_financial_field=net_profit', 'missing_financial_field=operating_cash_flow', 'debt_to_equity=9.43939']",low,
ACB,l0_basic_investability_filter,LOW_DATA_COVERAGE,LOW,INSUFFICIENT_DATA_FOR_BASIC_INVESTABILITY,"['l0_status=INSUFFICIENT_DATA_FOR_L0', 'valid_trading_days=67', 'avg_trading_value=3.83532e+08', 'avg_volume=1.61561e+07', 'market_cap=missing', 'missing_financial_field=net_profit', 'missing_financial_field=operating_cash_flow', 'debt_to_equity=9.43939']",low,
ACB,l0_basic_investability_filter,SEVERE_DEBT_PRESSURE,LOW,INSUFFICIENT_DATA_FOR_BASIC_INVESTABILITY,"['l0_status=INSUFFICIENT_DATA_FOR_L0', 'valid_trading_days=67', 'avg_trading_value=3.83532e+08', 'avg_volume=1.61561e+07', 'market_cap=missing', 'missing_financial_field=net_profit', 'missing_financial_field=operating_cash_flow', 'debt_to_equity=9.43939']",low,
HPG,l0_basic_investability_filter,UPSTREAM_L0_CAUTION,LOW,INSUFFICIENT_DATA_FOR_BASIC_INVESTABILITY,"['l0_status=INSUFFICIENT_DATA_FOR_L0', 'valid_trading_days=67', 'avg_trading_value=8.66616e+08', 'avg_volume=3.55877e+07', 'market_cap=missing', 'missing_financial_field=net_profit', 'debt_to_equity=0.855231']",low,
HPG,l0_basic_investability_filter,SUSPICIOUS_OUTLIER,LOW,INSUFFICIENT_DATA_FOR_BASIC_INVESTABILITY,"['l0_status=INSUFFICIENT_DATA_FOR_L0', 'valid_trading_days=67', 'avg_trading_value=8.66616e+08', 'avg_volume=3.55877e+07', 'market_cap=missing', 'missing_financial_field=net_profit', 'debt_to_equity=0.855231']",low,
HPG,l0_basic_investability_filter,LOW_DATA_CONFIDENCE,LOW,INSUFFICIENT_DATA_FOR_BASIC_INVESTABILITY,"['l0_status=INSUFFICIENT_DATA_FOR_L0', 'valid_trading_days=67', 'avg_trading_value=8.66616e+08', 'avg_volume=3.55877e+07', 'market_cap=missing', 'missing_financial_field=net_profit', 'debt_to_equity=0.855231']",low,
HPG,l0_basic_investability_filter,STALE_DATA,LOW,INSUFFICIENT_DATA_FOR_BASIC_INVESTABILITY,"['l0_status=INSUFFICIENT_DATA_FOR_L0', 'valid_trading_days=67', 'avg_trading_value=8.66616e+08', 'avg_volume=3.55877e+07', 'market_cap=missing', 'missing_financial_field=net_profit', 'debt_to_equity=0.855231']",low,
HPG,l0_basic_investability_filter,LOW_LIQUIDITY,LOW,INSUFFICIENT_DATA_FOR_BASIC_INVESTABILITY,"['l0_status=INSUFFICIENT_DATA_FOR_L0', 'valid_trading_days=67', 'avg_trading_value=8.66616e+08', 'avg_volume=3.55877e+07', 'market_cap=missing', 'missing_financial_field=net_profit', 'debt_to_equity=0.855231']",low,
HPG,l0_basic_investability_filter,MARKET_DATA_QUALITY_REVIEW,LOW,INSUFFICIENT_DATA_FOR_BASIC_INVESTABILITY,"['l0_status=INSUFFICIENT_DATA_FOR_L0', 'valid_trading_days=67', 'avg_trading_value=8.66616e+08', 'avg_volume=3.55877e+07', 'market_cap=missing', 'missing_financial_field=net_profit', 'debt_to_equity=0.855231']",low,
HPG,l0_basic_investability_filter,MARKET_CAP_MISSING,MEDIUM,INSUFFICIENT_DATA_FOR_BASIC_INVESTABILITY,"['l0_status=INSUFFICIENT_DATA_FOR_L0', 'valid_trading_days=67', 'avg_trading_value=8.66616e+08', 'avg_volume=3.55877e+07', 'market_cap=missing', 'missing_financial_field=net_profit', 'debt_to_equity=0.855231']",low,
HPG,l0_basic_investability_filter,UNKNOWN_DISCLOSURE_STATUS,LOW,INSUFFICIENT_DATA_FOR_BASIC_INVESTABILITY,"['l0_status=INSUFFICIENT_DATA_FOR_L0', 'valid_trading_days=67', 'avg_trading_value=8.66616e+08', 'avg_volume=3.55877e+07', 'market_cap=missing', 'missing_financial_field=net_profit', 'debt_to_equity=0.855231']",low,
HPG,l0_basic_investability_filter,LOW_DATA_COVERAGE,LOW,INSUFFICIENT_DATA_FOR_BASIC_INVESTABILITY,"['l0_status=INSUFFICIENT_DATA_FOR_L0', 'valid_trading_days=67', 'avg_trading_value=8.66616e+08', 'avg_volume=3.55877e+07', 'market_cap=missing', 'missing_financial_field=net_profit', 'debt_to_equity=0.855231']",low,
HSG,l0_basic_investability_filter,L0_REJECT,HIGH,L0_REJECT,['l0_status=L0_REJECT'],low,
VHM,l0_basic_investability_filter,UPSTREAM_L0_CAUTION,LOW,INSUFFICIENT_DATA_FOR_BASIC_INVESTABILITY,"['l0_status=INSUFFICIENT_DATA_FOR_L0', 'valid_trading_days=67', 'avg_trading_value=7.81926e+08', 'avg_volume=6.06439e+06', 'market_cap=missing']",low,
VHM,l0_basic_investability_filter,SUSPICIOUS_OUTLIER,LOW,INSUFFICIENT_DATA_FOR_BASIC_INVESTABILITY,"['l0_status=INSUFFICIENT_DATA_FOR_L0', 'valid_trading_days=67', 'avg_trading_value=7.81926e+08', 'avg_volume=6.06439e+06', 'market_cap=missing']",low,
VHM,l0_basic_investability_filter,LOW_DATA_CONFIDENCE,LOW,INSUFFICIENT_DATA_FOR_BASIC_INVESTABILITY,"['l0_status=INSUFFICIENT_DATA_FOR_L0', 'valid_trading_days=67', 'avg_trading_value=7.81926e+08', 'avg_volume=6.06439e+06', 'market_cap=missing']",low,
VHM,l0_basic_investability_filter,STALE_DATA,LOW,INSUFFICIENT_DATA_FOR_BASIC_INVESTABILITY,"['l0_status=INSUFFICIENT_DATA_FOR_L0', 'valid_trading_days=67', 'avg_trading_value=7.81926e+08', 'avg_volume=6.06439e+06', 'market_cap=missing']",low,
VHM,l0_basic_investability_filter,LOW_LIQUIDITY,LOW,INSUFFICIENT_DATA_FOR_BASIC_INVESTABILITY,"['l0_status=INSUFFICIENT_DATA_FOR_L0', 'valid_trading_days=67', 'avg_trading_value=7.81926e+08', 'avg_volume=6.06439e+06', 'market_cap=missing']",low,
VHM,l0_basic_investability_filter,MARKET_DATA_QUALITY_REVIEW,LOW,INSUFFICIENT_DATA_FOR_BASIC_INVESTABILITY,"['l0_status=INSUFFICIENT_DATA_FOR_L0', 'valid_trading_days=67', 'avg_trading_value=7.81926e+08', 'avg_volume=6.06439e+06', 'market_cap=missing']",low,
VHM,l0_basic_investability_filter,MARKET_CAP_MISSING,MEDIUM,INSUFFICIENT_DATA_FOR_BASIC_INVESTABILITY,"['l0_status=INSUFFICIENT_DATA_FOR_L0', 'valid_trading_days=67', 'avg_trading_value=7.81926e+08', 'avg_volume=6.06439e+06', 'market_cap=missing']",low,
VHM,l0_basic_investability_filter,UNKNOWN_DISCLOSURE_STATUS,LOW,INSUFFICIENT_DATA_FOR_BASIC_INVESTABILITY,"['l0_status=INSUFFICIENT_DATA_FOR_L0', 'valid_trading_days=67', 'avg_trading_value=7.81926e+08', 'avg_volume=6.06439e+06', 'market_cap=missing']",low,
VHM,l0_basic_investability_filter,LOW_DATA_COVERAGE,LOW,INSUFFICIENT_DATA_FOR_BASIC_INVESTABILITY,"['l0_status=INSUFFICIENT_DATA_FOR_L0', 'valid_trading_days=67', 'avg_trading_value=7.81926e+08', 'avg_volume=6.06439e+06', 'market_cap=missing']",low,
KDH,l0_basic_investability_filter,UPSTREAM_L0_CAUTION,LOW,INSUFFICIENT_DATA_FOR_BASIC_INVESTABILITY,"['l0_status=INSUFFICIENT_DATA_FOR_L0', 'valid_trading_days=67', 'avg_trading_value=1.12818e+08', 'avg_volume=4.51218e+06', 'market_cap=missing']",low,
KDH,l0_basic_investability_filter,LOW_DATA_CONFIDENCE,LOW,INSUFFICIENT_DATA_FOR_BASIC_INVESTABILITY,"['l0_status=INSUFFICIENT_DATA_FOR_L0', 'valid_trading_days=67', 'avg_trading_value=1.12818e+08', 'avg_volume=4.51218e+06', 'market_cap=missing']",low,
KDH,l0_basic_investability_filter,STALE_DATA,LOW,INSUFFICIENT_DATA_FOR_BASIC_INVESTABILITY,"['l0_status=INSUFFICIENT_DATA_FOR_L0', 'valid_trading_days=67', 'avg_trading_value=1.12818e+08', 'avg_volume=4.51218e+06', 'market_cap=missing']",low,
KDH,l0_basic_investability_filter,LOW_LIQUIDITY,LOW,INSUFFICIENT_DATA_FOR_BASIC_INVESTABILITY,"['l0_status=INSUFFICIENT_DATA_FOR_L0', 'valid_trading_days=67', 'avg_trading_value=1.12818e+08', 'avg_volume=4.51218e+06', 'market_cap=missing']",low,
KDH,l0_basic_investability_filter,MARKET_DATA_QUALITY_REVIEW,LOW,INSUFFICIENT_DATA_FOR_BASIC_INVESTABILITY,"['l0_status=INSUFFICIENT_DATA_FOR_L0', 'valid_trading_days=67', 'avg_trading_value=1.12818e+08', 'avg_volume=4.51218e+06', 'market_cap=missing']",low,
KDH,l0_basic_investability_filter,MARKET_CAP_MISSING,MEDIUM,INSUFFICIENT_DATA_FOR_BASIC_INVESTABILITY,"['l0_status=INSUFFICIENT_DATA_FOR_L0', 'valid_trading_days=67', 'avg_trading_value=1.12818e+08', 'avg_volume=4.51218e+06', 'market_cap=missing']",low,
KDH,l0_basic_investability_filter,UNKNOWN_DISCLOSURE_STATUS,LOW,INSUFFICIENT_DATA_FOR_BASIC_INVESTABILITY,"['l0_status=INSUFFICIENT_DATA_FOR_L0', 'valid_trading_days=67', 'avg_trading_value=1.12818e+08', 'avg_volume=4.51218e+06', 'market_cap=missing']",low,
KDH,l0_basic_investability_filter,LOW_DATA_COVERAGE,LOW,INSUFFICIENT_DATA_FOR_BASIC_INVESTABILITY,"['l0_status=INSUFFICIENT_DATA_FOR_L0', 'valid_trading_days=67', 'avg_trading_value=1.12818e+08', 'avg_volume=4.51218e+06', 'market_cap=missing']",low,
NLG,l0_basic_investability_filter,L0_REJECT,HIGH,L0_REJECT,['l0_status=L0_REJECT'],low,
SSI,l0_basic_investability_filter,UPSTREAM_L0_CAUTION,LOW,INSUFFICIENT_DATA_FOR_BASIC_INVESTABILITY,"['l0_status=INSUFFICIENT_DATA_FOR_L0', 'valid_trading_days=67', 'avg_trading_value=8.48283e+08', 'avg_volume=2.92428e+07', 'market_cap=missing']",low,
SSI,l0_basic_investability_filter,SUSPICIOUS_OUTLIER,LOW,INSUFFICIENT_DATA_FOR_BASIC_INVESTABILITY,"['l0_status=INSUFFICIENT_DATA_FOR_L0', 'valid_trading_days=67', 'avg_trading_value=8.48283e+08', 'avg_volume=2.92428e+07', 'market_cap=missing']",low,
SSI,l0_basic_investability_filter,LOW_DATA_CONFIDENCE,LOW,INSUFFICIENT_DATA_FOR_BASIC_INVESTABILITY,"['l0_status=INSUFFICIENT_DATA_FOR_L0', 'valid_trading_days=67', 'avg_trading_value=8.48283e+08', 'avg_volume=2.92428e+07', 'market_cap=missing']",low,
SSI,l0_basic_investability_filter,STALE_DATA,LOW,INSUFFICIENT_DATA_FOR_BASIC_INVESTABILITY,"['l0_status=INSUFFICIENT_DATA_FOR_L0', 'valid_trading_days=67', 'avg_trading_value=8.48283e+08', 'avg_volume=2.92428e+07', 'market_cap=missing']",low,
SSI,l0_basic_investability_filter,LOW_LIQUIDITY,LOW,INSUFFICIENT_DATA_FOR_BASIC_INVESTABILITY,"['l0_status=INSUFFICIENT_DATA_FOR_L0', 'valid_trading_days=67', 'avg_trading_value=8.48283e+08', 'avg_volume=2.92428e+07', 'market_cap=missing']",low,
SSI,l0_basic_investability_filter,MARKET_DATA_QUALITY_REVIEW,LOW,INSUFFICIENT_DATA_FOR_BASIC_INVESTABILITY,"['l0_status=INSUFFICIENT_DATA_FOR_L0', 'valid_trading_days=67', 'avg_trading_value=8.48283e+08', 'avg_volume=2.92428e+07', 'market_cap=missing']",low,
SSI,l0_basic_investability_filter,MARKET_CAP_MISSING,MEDIUM,INSUFFICIENT_DATA_FOR_BASIC_INVESTABILITY,"['l0_status=INSUFFICIENT_DATA_FOR_L0', 'valid_trading_days=67', 'avg_trading_value=8.48283e+08', 'avg_volume=2.92428e+07', 'market_cap=missing']",low,
SSI,l0_basic_investability_filter,UNKNOWN_DISCLOSURE_STATUS,LOW,INSUFFICIENT_DATA_FOR_BASIC_INVESTABILITY,"['l0_status=INSUFFICIENT_DATA_FOR_L0', 'valid_trading_days=67', 'avg_trading_value=8.48283e+08', 'avg_volume=2.92428e+07', 'market_cap=missing']",low,
SSI,l0_basic_investability_filter,LOW_DATA_COVERAGE,LOW,INSUFFICIENT_DATA_FOR_BASIC_INVESTABILITY,"['l0_status=INSUFFICIENT_DATA_FOR_L0', 'valid_trading_days=67', 'avg_trading_value=8.48283e+08', 'avg_volume=2.92428e+07', 'market_cap=missing']",low,
VND,l0_basic_investability_filter,UPSTREAM_L0_CAUTION,LOW,INSUFFICIENT_DATA_FOR_BASIC_INVESTABILITY,"['l0_status=INSUFFICIENT_DATA_FOR_L0', 'valid_trading_days=67', 'avg_trading_value=2.24761e+08', 'avg_volume=1.36963e+07', 'market_cap=missing']",low,
VND,l0_basic_investability_filter,SUSPICIOUS_OUTLIER,LOW,INSUFFICIENT_DATA_FOR_BASIC_INVESTABILITY,"['l0_status=INSUFFICIENT_DATA_FOR_L0', 'valid_trading_days=67', 'avg_trading_value=2.24761e+08', 'avg_volume=1.36963e+07', 'market_cap=missing']",low,
VND,l0_basic_investability_filter,LOW_DATA_CONFIDENCE,LOW,INSUFFICIENT_DATA_FOR_BASIC_INVESTABILITY,"['l0_status=INSUFFICIENT_DATA_FOR_L0', 'valid_trading_days=67', 'avg_trading_value=2.24761e+08', 'avg_volume=1.36963e+07', 'market_cap=missing']",low,
VND,l0_basic_investability_filter,STALE_DATA,LOW,INSUFFICIENT_DATA_FOR_BASIC_INVESTABILITY,"['l0_status=INSUFFICIENT_DATA_FOR_L0', 'valid_trading_days=67', 'avg_trading_value=2.24761e+08', 'avg_volume=1.36963e+07', 'market_cap=missing']",low,
VND,l0_basic_investability_filter,LOW_LIQUIDITY,LOW,INSUFFICIENT_DATA_FOR_BASIC_INVESTABILITY,"['l0_status=INSUFFICIENT_DATA_FOR_L0', 'valid_trading_days=67', 'avg_trading_value=2.24761e+08', 'avg_volume=1.36963e+07', 'market_cap=missing']",low,
VND,l0_basic_investability_filter,MARKET_DATA_QUALITY_REVIEW,LOW,INSUFFICIENT_DATA_FOR_BASIC_INVESTABILITY,"['l0_status=INSUFFICIENT_DATA_FOR_L0', 'valid_trading_days=67', 'avg_trading_value=2.24761e+08', 'avg_volume=1.36963e+07', 'market_cap=missing']",low,
VND,l0_basic_investability_filter,MARKET_CAP_MISSING,MEDIUM,INSUFFICIENT_DATA_FOR_BASIC_INVESTABILITY,"['l0_status=INSUFFICIENT_DATA_FOR_L0', 'valid_trading_days=67', 'avg_trading_value=2.24761e+08', 'avg_volume=1.36963e+07', 'market_cap=missing']",low,
VND,l0_basic_investability_filter,UNKNOWN_DISCLOSURE_STATUS,LOW,INSUFFICIENT_DATA_FOR_BASIC_INVESTABILITY,"['l0_status=INSUFFICIENT_DATA_FOR_L0', 'valid_trading_days=67', 'avg_trading_value=2.24761e+08', 'avg_volume=1.36963e+07', 'market_cap=missing']",low,
VND,l0_basic_investability_filter,LOW_DATA_COVERAGE,LOW,INSUFFICIENT_DATA_FOR_BASIC_INVESTABILITY,"['l0_status=INSUFFICIENT_DATA_FOR_L0', 'valid_trading_days=67', 'avg_trading_value=2.24761e+08', 'avg_volume=1.36963e+07', 'market_cap=missing']",low,
GAS,l0_basic_investability_filter,UPSTREAM_L0_CAUTION,LOW,INSUFFICIENT_DATA_FOR_BASIC_INVESTABILITY,"['l0_status=INSUFFICIENT_DATA_FOR_L0', 'valid_trading_days=67', 'avg_trading_value=2.25706e+08', 'avg_volume=2.48142e+06', 'market_cap=missing']",low,
GAS,l0_basic_investability_filter,SUSPICIOUS_OUTLIER,LOW,INSUFFICIENT_DATA_FOR_BASIC_INVESTABILITY,"['l0_status=INSUFFICIENT_DATA_FOR_L0', 'valid_trading_days=67', 'avg_trading_value=2.25706e+08', 'avg_volume=2.48142e+06', 'market_cap=missing']",low,
GAS,l0_basic_investability_filter,LOW_DATA_CONFIDENCE,LOW,INSUFFICIENT_DATA_FOR_BASIC_INVESTABILITY,"['l0_status=INSUFFICIENT_DATA_FOR_L0', 'valid_trading_days=67', 'avg_trading_value=2.25706e+08', 'avg_volume=2.48142e+06', 'market_cap=missing']",low,
GAS,l0_basic_investability_filter,STALE_DATA,LOW,INSUFFICIENT_DATA_FOR_BASIC_INVESTABILITY,"['l0_status=INSUFFICIENT_DATA_FOR_L0', 'valid_trading_days=67', 'avg_trading_value=2.25706e+08', 'avg_volume=2.48142e+06', 'market_cap=missing']",low,
GAS,l0_basic_investability_filter,LOW_LIQUIDITY,LOW,INSUFFICIENT_DATA_FOR_BASIC_INVESTABILITY,"['l0_status=INSUFFICIENT_DATA_FOR_L0', 'valid_trading_days=67', 'avg_trading_value=2.25706e+08', 'avg_volume=2.48142e+06', 'market_cap=missing']",low,
GAS,l0_basic_investability_filter,MARKET_DATA_QUALITY_REVIEW,LOW,INSUFFICIENT_DATA_FOR_BASIC_INVESTABILITY,"['l0_status=INSUFFICIENT_DATA_FOR_L0', 'valid_trading_days=67', 'avg_trading_value=2.25706e+08', 'avg_volume=2.48142e+06', 'market_cap=missing']",low,
GAS,l0_basic_investability_filter,MARKET_CAP_MISSING,MEDIUM,INSUFFICIENT_DATA_FOR_BASIC_INVESTABILITY,"['l0_status=INSUFFICIENT_DATA_FOR_L0', 'valid_trading_days=67', 'avg_trading_value=2.25706e+08', 'avg_volume=2.48142e+06', 'market_cap=missing']",low,
GAS,l0_basic_investability_filter,UNKNOWN_DISCLOSURE_STATUS,LOW,INSUFFICIENT_DATA_FOR_BASIC_INVESTABILITY,"['l0_status=INSUFFICIENT_DATA_FOR_L0', 'valid_trading_days=67', 'avg_trading_value=2.25706e+08', 'avg_volume=2.48142e+06', 'market_cap=missing']",low,
GAS,l0_basic_investability_filter,LOW_DATA_COVERAGE,LOW,INSUFFICIENT_DATA_FOR_BASIC_INVESTABILITY,"['l0_status=INSUFFICIENT_DATA_FOR_L0', 'valid_trading_days=67', 'avg_trading_value=2.25706e+08', 'avg_volume=2.48142e+06', 'market_cap=missing']",low,
PVS,l0_basic_investability_filter,UPSTREAM_L0_CAUTION,LOW,INSUFFICIENT_DATA_FOR_BASIC_INVESTABILITY,"['l0_status=INSUFFICIENT_DATA_FOR_L0', 'valid_trading_days=67', 'avg_trading_value=2.88934e+08', 'avg_volume=6.69113e+06', 'market_cap=missing']",low,
PVS,l0_basic_investability_filter,SUSPICIOUS_OUTLIER,LOW,INSUFFICIENT_DATA_FOR_BASIC_INVESTABILITY,"['l0_status=INSUFFICIENT_DATA_FOR_L0', 'valid_trading_days=67', 'avg_trading_value=2.88934e+08', 'avg_volume=6.69113e+06', 'market_cap=missing']",low,
PVS,l0_basic_investability_filter,LOW_DATA_CONFIDENCE,LOW,INSUFFICIENT_DATA_FOR_BASIC_INVESTABILITY,"['l0_status=INSUFFICIENT_DATA_FOR_L0', 'valid_trading_days=67', 'avg_trading_value=2.88934e+08', 'avg_volume=6.69113e+06', 'market_cap=missing']",low,
PVS,l0_basic_investability_filter,STALE_DATA,LOW,INSUFFICIENT_DATA_FOR_BASIC_INVESTABILITY,"['l0_status=INSUFFICIENT_DATA_FOR_L0', 'valid_trading_days=67', 'avg_trading_value=2.88934e+08', 'avg_volume=6.69113e+06', 'market_cap=missing']",low,
PVS,l0_basic_investability_filter,LOW_LIQUIDITY,LOW,INSUFFICIENT_DATA_FOR_BASIC_INVESTABILITY,"['l0_status=INSUFFICIENT_DATA_FOR_L0', 'valid_trading_days=67', 'avg_trading_value=2.88934e+08', 'avg_volume=6.69113e+06', 'market_cap=missing']",low,
PVS,l0_basic_investability_filter,MARKET_DATA_QUALITY_REVIEW,LOW,INSUFFICIENT_DATA_FOR_BASIC_INVESTABILITY,"['l0_status=INSUFFICIENT_DATA_FOR_L0', 'valid_trading_days=67', 'avg_trading_value=2.88934e+08', 'avg_volume=6.69113e+06', 'market_cap=missing']",low,
PVS,l0_basic_investability_filter,MARKET_CAP_MISSING,MEDIUM,INSUFFICIENT_DATA_FOR_BASIC_INVESTABILITY,"['l0_status=INSUFFICIENT_DATA_FOR_L0', 'valid_trading_days=67', 'avg_trading_value=2.88934e+08', 'avg_volume=6.69113e+06', 'market_cap=missing']",low,
PVS,l0_basic_investability_filter,UNKNOWN_DISCLOSURE_STATUS,LOW,INSUFFICIENT_DATA_FOR_BASIC_INVESTABILITY,"['l0_status=INSUFFICIENT_DATA_FOR_L0', 'valid_trading_days=67', 'avg_trading_value=2.88934e+08', 'avg_volume=6.69113e+06', 'market_cap=missing']",low,
PVS,l0_basic_investability_filter,LOW_DATA_COVERAGE,LOW,INSUFFICIENT_DATA_FOR_BASIC_INVESTABILITY,"['l0_status=INSUFFICIENT_DATA_FOR_L0', 'valid_trading_days=67', 'avg_trading_value=2.88934e+08', 'avg_volume=6.69113e+06', 'market_cap=missing']",low,
FPT,l0_basic_investability_filter,UPSTREAM_L0_CAUTION,LOW,INSUFFICIENT_DATA_FOR_BASIC_INVESTABILITY,"['l0_status=INSUFFICIENT_DATA_FOR_L0', 'valid_trading_days=67', 'avg_trading_value=8.57836e+08', 'avg_volume=1.1293e+07', 'market_cap=missing']",low,
FPT,l0_basic_investability_filter,SUSPICIOUS_OUTLIER,LOW,INSUFFICIENT_DATA_FOR_BASIC_INVESTABILITY,"['l0_status=INSUFFICIENT_DATA_FOR_L0', 'valid_trading_days=67', 'avg_trading_value=8.57836e+08', 'avg_volume=1.1293e+07', 'market_cap=missing']",low,
FPT,l0_basic_investability_filter,LOW_DATA_CONFIDENCE,LOW,INSUFFICIENT_DATA_FOR_BASIC_INVESTABILITY,"['l0_status=INSUFFICIENT_DATA_FOR_L0', 'valid_trading_days=67', 'avg_trading_value=8.57836e+08', 'avg_volume=1.1293e+07', 'market_cap=missing']",low,
FPT,l0_basic_investability_filter,STALE_DATA,LOW,INSUFFICIENT_DATA_FOR_BASIC_INVESTABILITY,"['l0_status=INSUFFICIENT_DATA_FOR_L0', 'valid_trading_days=67', 'avg_trading_value=8.57836e+08', 'avg_volume=1.1293e+07', 'market_cap=missing']",low,
FPT,l0_basic_investability_filter,LOW_LIQUIDITY,LOW,INSUFFICIENT_DATA_FOR_BASIC_INVESTABILITY,"['l0_status=INSUFFICIENT_DATA_FOR_L0', 'valid_trading_days=67', 'avg_trading_value=8.57836e+08', 'avg_volume=1.1293e+07', 'market_cap=missing']",low,
FPT,l0_basic_investability_filter,MARKET_DATA_QUALITY_REVIEW,LOW,INSUFFICIENT_DATA_FOR_BASIC_INVESTABILITY,"['l0_status=INSUFFICIENT_DATA_FOR_L0', 'valid_trading_days=67', 'avg_trading_value=8.57836e+08', 'avg_volume=1.1293e+07', 'market_cap=missing']",low,
FPT,l0_basic_investability_filter,MARKET_CAP_MISSING,MEDIUM,INSUFFICIENT_DATA_FOR_BASIC_INVESTABILITY,"['l0_status=INSUFFICIENT_DATA_FOR_L0', 'valid_trading_days=67', 'avg_trading_value=8.57836e+08', 'avg_volume=1.1293e+07', 'market_cap=missing']",low,
FPT,l0_basic_investability_filter,UNKNOWN_DISCLOSURE_STATUS,LOW,INSUFFICIENT_DATA_FOR_BASIC_INVESTABILITY,"['l0_status=INSUFFICIENT_DATA_FOR_L0', 'valid_trading_days=67', 'avg_trading_value=8.57836e+08', 'avg_volume=1.1293e+07', 'market_cap=missing']",low,
FPT,l0_basic_investability_filter,LOW_DATA_COVERAGE,LOW,INSUFFICIENT_DATA_FOR_BASIC_INVESTABILITY,"['l0_status=INSUFFICIENT_DATA_FOR_L0', 'valid_trading_days=67', 'avg_trading_value=8.57836e+08', 'avg_volume=1.1293e+07', 'market_cap=missing']",low,
MWG,l0_basic_investability_filter,UPSTREAM_L0_CAUTION,LOW,INSUFFICIENT_DATA_FOR_BASIC_INVESTABILITY,"['l0_status=INSUFFICIENT_DATA_FOR_L0', 'valid_trading_days=67', 'avg_trading_value=5.80576e+08', 'avg_volume=7.04664e+06', 'market_cap=missing']",low,
MWG,l0_basic_investability_filter,SUSPICIOUS_OUTLIER,LOW,INSUFFICIENT_DATA_FOR_BASIC_INVESTABILITY,"['l0_status=INSUFFICIENT_DATA_FOR_L0', 'valid_trading_days=67', 'avg_trading_value=5.80576e+08', 'avg_volume=7.04664e+06', 'market_cap=missing']",low,
MWG,l0_basic_investability_filter,LOW_DATA_CONFIDENCE,LOW,INSUFFICIENT_DATA_FOR_BASIC_INVESTABILITY,"['l0_status=INSUFFICIENT_DATA_FOR_L0', 'valid_trading_days=67', 'avg_trading_value=5.80576e+08', 'avg_volume=7.04664e+06', 'market_cap=missing']",low,
MWG,l0_basic_investability_filter,STALE_DATA,LOW,INSUFFICIENT_DATA_FOR_BASIC_INVESTABILITY,"['l0_status=INSUFFICIENT_DATA_FOR_L0', 'valid_trading_days=67', 'avg_trading_value=5.80576e+08', 'avg_volume=7.04664e+06', 'market_cap=missing']",low,
MWG,l0_basic_investability_filter,LOW_LIQUIDITY,LOW,INSUFFICIENT_DATA_FOR_BASIC_INVESTABILITY,"['l0_status=INSUFFICIENT_DATA_FOR_L0', 'valid_trading_days=67', 'avg_trading_value=5.80576e+08', 'avg_volume=7.04664e+06', 'market_cap=missing']",low,
MWG,l0_basic_investability_filter,MARKET_DATA_QUALITY_REVIEW,LOW,INSUFFICIENT_DATA_FOR_BASIC_INVESTABILITY,"['l0_status=INSUFFICIENT_DATA_FOR_L0', 'valid_trading_days=67', 'avg_trading_value=5.80576e+08', 'avg_volume=7.04664e+06', 'market_cap=missing']",low,
MWG,l0_basic_investability_filter,MARKET_CAP_MISSING,MEDIUM,INSUFFICIENT_DATA_FOR_BASIC_INVESTABILITY,"['l0_status=INSUFFICIENT_DATA_FOR_L0', 'valid_trading_days=67', 'avg_trading_value=5.80576e+08', 'avg_volume=7.04664e+06', 'market_cap=missing']",low,
MWG,l0_basic_investability_filter,UNKNOWN_DISCLOSURE_STATUS,LOW,INSUFFICIENT_DATA_FOR_BASIC_INVESTABILITY,"['l0_status=INSUFFICIENT_DATA_FOR_L0', 'valid_trading_days=67', 'avg_trading_value=5.80576e+08', 'avg_volume=7.04664e+06', 'market_cap=missing']",low,
MWG,l0_basic_investability_filter,LOW_DATA_COVERAGE,LOW,INSUFFICIENT_DATA_FOR_BASIC_INVESTABILITY,"['l0_status=INSUFFICIENT_DATA_FOR_L0', 'valid_trading_days=67', 'avg_trading_value=5.80576e+08', 'avg_volume=7.04664e+06', 'market_cap=missing']",low,
VGC,l0_basic_investability_filter,L0_REJECT,HIGH,L0_REJECT,['l0_status=L0_REJECT'],low,
GMD,l0_basic_investability_filter,UPSTREAM_L0_CAUTION,LOW,INSUFFICIENT_DATA_FOR_BASIC_INVESTABILITY,"['l0_status=INSUFFICIENT_DATA_FOR_L0', 'valid_trading_days=67', 'avg_trading_value=1.2965e+08', 'avg_volume=1.73408e+06', 'market_cap=missing']",low,
GMD,l0_basic_investability_filter,LOW_DATA_CONFIDENCE,LOW,INSUFFICIENT_DATA_FOR_BASIC_INVESTABILITY,"['l0_status=INSUFFICIENT_DATA_FOR_L0', 'valid_trading_days=67', 'avg_trading_value=1.2965e+08', 'avg_volume=1.73408e+06', 'market_cap=missing']",low,
GMD,l0_basic_investability_filter,STALE_DATA,LOW,INSUFFICIENT_DATA_FOR_BASIC_INVESTABILITY,"['l0_status=INSUFFICIENT_DATA_FOR_L0', 'valid_trading_days=67', 'avg_trading_value=1.2965e+08', 'avg_volume=1.73408e+06', 'market_cap=missing']",low,
GMD,l0_basic_investability_filter,LOW_LIQUIDITY,LOW,INSUFFICIENT_DATA_FOR_BASIC_INVESTABILITY,"['l0_status=INSUFFICIENT_DATA_FOR_L0', 'valid_trading_days=67', 'avg_trading_value=1.2965e+08', 'avg_volume=1.73408e+06', 'market_cap=missing']",low,
GMD,l0_basic_investability_filter,MARKET_DATA_QUALITY_REVIEW,LOW,INSUFFICIENT_DATA_FOR_BASIC_INVESTABILITY,"['l0_status=INSUFFICIENT_DATA_FOR_L0', 'valid_trading_days=67', 'avg_trading_value=1.2965e+08', 'avg_volume=1.73408e+06', 'market_cap=missing']",low,
GMD,l0_basic_investability_filter,MARKET_CAP_MISSING,MEDIUM,INSUFFICIENT_DATA_FOR_BASIC_INVESTABILITY,"['l0_status=INSUFFICIENT_DATA_FOR_L0', 'valid_trading_days=67', 'avg_trading_value=1.2965e+08', 'avg_volume=1.73408e+06', 'market_cap=missing']",low,
GMD,l0_basic_investability_filter,UNKNOWN_DISCLOSURE_STATUS,LOW,INSUFFICIENT_DATA_FOR_BASIC_INVESTABILITY,"['l0_status=INSUFFICIENT_DATA_FOR_L0', 'valid_trading_days=67', 'avg_trading_value=1.2965e+08', 'avg_volume=1.73408e+06', 'market_cap=missing']",low,
GMD,l0_basic_investability_filter,LOW_DATA_COVERAGE,LOW,INSUFFICIENT_DATA_FOR_BASIC_INVESTABILITY,"['l0_status=INSUFFICIENT_DATA_FOR_L0', 'valid_trading_days=67', 'avg_trading_value=1.2965e+08', 'avg_volume=1.73408e+06', 'market_cap=missing']",low,
VHC,l0_basic_investability_filter,L0_REJECT,HIGH,L0_REJECT,['l0_status=L0_REJECT'],low,
TCM,l0_basic_investability_filter,L0_REJECT,HIGH,L0_REJECT,['l0_status=L0_REJECT'],low,
VCB,l1_business_classification,INSUFFICIENT_DATA_FOR_CLASSIFICATION,MEDIUM,NOT_CLASSIFIED,,low,INSUFFICIENT_DATA_FOR_CLASSIFICATION
BID,l1_business_classification,INSUFFICIENT_DATA_FOR_CLASSIFICATION,MEDIUM,NOT_CLASSIFIED,,low,INSUFFICIENT_DATA_FOR_CLASSIFICATION
CTG,l1_business_classification,INSUFFICIENT_DATA_FOR_CLASSIFICATION,MEDIUM,NOT_CLASSIFIED,,low,INSUFFICIENT_DATA_FOR_CLASSIFICATION
MBB,l1_business_classification,INSUFFICIENT_DATA_FOR_CLASSIFICATION,MEDIUM,NOT_CLASSIFIED,,low,INSUFFICIENT_DATA_FOR_CLASSIFICATION
ACB,l1_business_classification,INSUFFICIENT_DATA_FOR_CLASSIFICATION,MEDIUM,NOT_CLASSIFIED,,low,INSUFFICIENT_DATA_FOR_CLASSIFICATION
HPG,l1_business_classification,INSUFFICIENT_DATA_FOR_CLASSIFICATION,MEDIUM,NOT_CLASSIFIED,,low,INSUFFICIENT_DATA_FOR_CLASSIFICATION
HSG,l1_business_classification,FAILED_L0_BASIC_INVESTABILITY,LOW,NOT_CLASSIFIED,,low,FAILED_L0_BASIC_INVESTABILITY
VHM,l1_business_classification,INSUFFICIENT_DATA_FOR_CLASSIFICATION,MEDIUM,NOT_CLASSIFIED,,low,INSUFFICIENT_DATA_FOR_CLASSIFICATION
KDH,l1_business_classification,INSUFFICIENT_DATA_FOR_CLASSIFICATION,MEDIUM,NOT_CLASSIFIED,,low,INSUFFICIENT_DATA_FOR_CLASSIFICATION
NLG,l1_business_classification,FAILED_L0_BASIC_INVESTABILITY,LOW,NOT_CLASSIFIED,,low,FAILED_L0_BASIC_INVESTABILITY
SSI,l1_business_classification,INSUFFICIENT_DATA_FOR_CLASSIFICATION,MEDIUM,NOT_CLASSIFIED,,low,INSUFFICIENT_DATA_FOR_CLASSIFICATION
VND,l1_business_classification,INSUFFICIENT_DATA_FOR_CLASSIFICATION,MEDIUM,NOT_CLASSIFIED,,low,INSUFFICIENT_DATA_FOR_CLASSIFICATION
GAS,l1_business_classification,INSUFFICIENT_DATA_FOR_CLASSIFICATION,MEDIUM,NOT_CLASSIFIED,,low,INSUFFICIENT_DATA_FOR_CLASSIFICATION
PVS,l1_business_classification,INSUFFICIENT_DATA_FOR_CLASSIFICATION,MEDIUM,NOT_CLASSIFIED,,low,INSUFFICIENT_DATA_FOR_CLASSIFICATION
FPT,l1_business_classification,INSUFFICIENT_DATA_FOR_CLASSIFICATION,MEDIUM,NOT_CLASSIFIED,,low,INSUFFICIENT_DATA_FOR_CLASSIFICATION
MWG,l1_business_classification,INSUFFICIENT_DATA_FOR_CLASSIFICATION,MEDIUM,NOT_CLASSIFIED,,low,INSUFFICIENT_DATA_FOR_CLASSIFICATION
VGC,l1_business_classification,FAILED_L0_BASIC_INVESTABILITY,LOW,NOT_CLASSIFIED,,low,FAILED_L0_BASIC_INVESTABILITY
GMD,l1_business_classification,INSUFFICIENT_DATA_FOR_CLASSIFICATION,MEDIUM,NOT_CLASSIFIED,,low,INSUFFICIENT_DATA_FOR_CLASSIFICATION
VHC,l1_business_classification,FAILED_L0_BASIC_INVESTABILITY,LOW,NOT_CLASSIFIED,,low,FAILED_L0_BASIC_INVESTABILITY
TCM,l1_business_classification,FAILED_L0_BASIC_INVESTABILITY,LOW,NOT_CLASSIFIED,,low,FAILED_L0_BASIC_INVESTABILITY
VCB,archetype_templates,UNKNOWN_ARCHETYPE_TEMPLATE,LOW,UNKNOWN_ARCHETYPE_TEMPLATE,,low,INSUFFICIENT_DATA_FOR_CLASSIFICATION
BID,archetype_templates,UNKNOWN_ARCHETYPE_TEMPLATE,LOW,UNKNOWN_ARCHETYPE_TEMPLATE,,low,INSUFFICIENT_DATA_FOR_CLASSIFICATION
CTG,archetype_templates,UNKNOWN_ARCHETYPE_TEMPLATE,LOW,UNKNOWN_ARCHETYPE_TEMPLATE,,low,INSUFFICIENT_DATA_FOR_CLASSIFICATION
MBB,archetype_templates,UNKNOWN_ARCHETYPE_TEMPLATE,LOW,UNKNOWN_ARCHETYPE_TEMPLATE,,low,INSUFFICIENT_DATA_FOR_CLASSIFICATION
ACB,archetype_templates,UNKNOWN_ARCHETYPE_TEMPLATE,LOW,UNKNOWN_ARCHETYPE_TEMPLATE,,low,INSUFFICIENT_DATA_FOR_CLASSIFICATION
HPG,archetype_templates,UNKNOWN_ARCHETYPE_TEMPLATE,LOW,UNKNOWN_ARCHETYPE_TEMPLATE,,low,INSUFFICIENT_DATA_FOR_CLASSIFICATION
HSG,archetype_templates,UNKNOWN_ARCHETYPE_TEMPLATE,LOW,UNKNOWN_ARCHETYPE_TEMPLATE,,low,FAILED_L0_BASIC_INVESTABILITY
VHM,archetype_templates,UNKNOWN_ARCHETYPE_TEMPLATE,LOW,UNKNOWN_ARCHETYPE_TEMPLATE,,low,INSUFFICIENT_DATA_FOR_CLASSIFICATION
KDH,archetype_templates,UNKNOWN_ARCHETYPE_TEMPLATE,LOW,UNKNOWN_ARCHETYPE_TEMPLATE,,low,INSUFFICIENT_DATA_FOR_CLASSIFICATION
NLG,archetype_templates,UNKNOWN_ARCHETYPE_TEMPLATE,LOW,UNKNOWN_ARCHETYPE_TEMPLATE,,low,FAILED_L0_BASIC_INVESTABILITY
SSI,archetype_templates,UNKNOWN_ARCHETYPE_TEMPLATE,LOW,UNKNOWN_ARCHETYPE_TEMPLATE,,low,INSUFFICIENT_DATA_FOR_CLASSIFICATION
VND,archetype_templates,UNKNOWN_ARCHETYPE_TEMPLATE,LOW,UNKNOWN_ARCHETYPE_TEMPLATE,,low,INSUFFICIENT_DATA_FOR_CLASSIFICATION
GAS,archetype_templates,UNKNOWN_ARCHETYPE_TEMPLATE,LOW,UNKNOWN_ARCHETYPE_TEMPLATE,,low,INSUFFICIENT_DATA_FOR_CLASSIFICATION
PVS,archetype_templates,UNKNOWN_ARCHETYPE_TEMPLATE,LOW,UNKNOWN_ARCHETYPE_TEMPLATE,,low,INSUFFICIENT_DATA_FOR_CLASSIFICATION
FPT,archetype_templates,UNKNOWN_ARCHETYPE_TEMPLATE,LOW,UNKNOWN_ARCHETYPE_TEMPLATE,,low,INSUFFICIENT_DATA_FOR_CLASSIFICATION
MWG,archetype_templates,UNKNOWN_ARCHETYPE_TEMPLATE,LOW,UNKNOWN_ARCHETYPE_TEMPLATE,,low,INSUFFICIENT_DATA_FOR_CLASSIFICATION
VGC,archetype_templates,UNKNOWN_ARCHETYPE_TEMPLATE,LOW,UNKNOWN_ARCHETYPE_TEMPLATE,,low,FAILED_L0_BASIC_INVESTABILITY
GMD,archetype_templates,UNKNOWN_ARCHETYPE_TEMPLATE,LOW,UNKNOWN_ARCHETYPE_TEMPLATE,,low,INSUFFICIENT_DATA_FOR_CLASSIFICATION
VHC,archetype_templates,UNKNOWN_ARCHETYPE_TEMPLATE,LOW,UNKNOWN_ARCHETYPE_TEMPLATE,,low,FAILED_L0_BASIC_INVESTABILITY
TCM,archetype_templates,UNKNOWN_ARCHETYPE_TEMPLATE,LOW,UNKNOWN_ARCHETYPE_TEMPLATE,,low,FAILED_L0_BASIC_INVESTABILITY
VCB,driver_registry,INSUFFICIENT_DATA_FOR_CLASSIFICATION,MEDIUM,NOT_ELIGIBLE_FOR_DRIVER_RESOLUTION,,NOT_ELIGIBLE_FOR_DRIVER_RESOLUTION,
VCB,driver_registry,NOT_ELIGIBLE_FOR_DRIVER_RESOLUTION,LOW,NOT_ELIGIBLE_FOR_DRIVER_RESOLUTION,,NOT_ELIGIBLE_FOR_DRIVER_RESOLUTION,
BID,driver_registry,INSUFFICIENT_DATA_FOR_CLASSIFICATION,MEDIUM,NOT_ELIGIBLE_FOR_DRIVER_RESOLUTION,,NOT_ELIGIBLE_FOR_DRIVER_RESOLUTION,
BID,driver_registry,NOT_ELIGIBLE_FOR_DRIVER_RESOLUTION,LOW,NOT_ELIGIBLE_FOR_DRIVER_RESOLUTION,,NOT_ELIGIBLE_FOR_DRIVER_RESOLUTION,
CTG,driver_registry,INSUFFICIENT_DATA_FOR_CLASSIFICATION,MEDIUM,NOT_ELIGIBLE_FOR_DRIVER_RESOLUTION,,NOT_ELIGIBLE_FOR_DRIVER_RESOLUTION,
CTG,driver_registry,NOT_ELIGIBLE_FOR_DRIVER_RESOLUTION,LOW,NOT_ELIGIBLE_FOR_DRIVER_RESOLUTION,,NOT_ELIGIBLE_FOR_DRIVER_RESOLUTION,
MBB,driver_registry,INSUFFICIENT_DATA_FOR_CLASSIFICATION,MEDIUM,NOT_ELIGIBLE_FOR_DRIVER_RESOLUTION,,NOT_ELIGIBLE_FOR_DRIVER_RESOLUTION,
MBB,driver_registry,NOT_ELIGIBLE_FOR_DRIVER_RESOLUTION,LOW,NOT_ELIGIBLE_FOR_DRIVER_RESOLUTION,,NOT_ELIGIBLE_FOR_DRIVER_RESOLUTION,
ACB,driver_registry,INSUFFICIENT_DATA_FOR_CLASSIFICATION,MEDIUM,NOT_ELIGIBLE_FOR_DRIVER_RESOLUTION,,NOT_ELIGIBLE_FOR_DRIVER_RESOLUTION,
ACB,driver_registry,NOT_ELIGIBLE_FOR_DRIVER_RESOLUTION,LOW,NOT_ELIGIBLE_FOR_DRIVER_RESOLUTION,,NOT_ELIGIBLE_FOR_DRIVER_RESOLUTION,
HPG,driver_registry,INSUFFICIENT_DATA_FOR_CLASSIFICATION,MEDIUM,NOT_ELIGIBLE_FOR_DRIVER_RESOLUTION,,NOT_ELIGIBLE_FOR_DRIVER_RESOLUTION,
HPG,driver_registry,NOT_ELIGIBLE_FOR_DRIVER_RESOLUTION,LOW,NOT_ELIGIBLE_FOR_DRIVER_RESOLUTION,,NOT_ELIGIBLE_FOR_DRIVER_RESOLUTION,
HSG,driver_registry,FAILED_L0_BASIC_INVESTABILITY,LOW,NOT_ELIGIBLE_FOR_DRIVER_RESOLUTION,,NOT_ELIGIBLE_FOR_DRIVER_RESOLUTION,
HSG,driver_registry,NOT_ELIGIBLE_FOR_DRIVER_RESOLUTION,LOW,NOT_ELIGIBLE_FOR_DRIVER_RESOLUTION,,NOT_ELIGIBLE_FOR_DRIVER_RESOLUTION,
VHM,driver_registry,INSUFFICIENT_DATA_FOR_CLASSIFICATION,MEDIUM,NOT_ELIGIBLE_FOR_DRIVER_RESOLUTION,,NOT_ELIGIBLE_FOR_DRIVER_RESOLUTION,
VHM,driver_registry,NOT_ELIGIBLE_FOR_DRIVER_RESOLUTION,LOW,NOT_ELIGIBLE_FOR_DRIVER_RESOLUTION,,NOT_ELIGIBLE_FOR_DRIVER_RESOLUTION,
KDH,driver_registry,INSUFFICIENT_DATA_FOR_CLASSIFICATION,MEDIUM,NOT_ELIGIBLE_FOR_DRIVER_RESOLUTION,,NOT_ELIGIBLE_FOR_DRIVER_RESOLUTION,
KDH,driver_registry,NOT_ELIGIBLE_FOR_DRIVER_RESOLUTION,LOW,NOT_ELIGIBLE_FOR_DRIVER_RESOLUTION,,NOT_ELIGIBLE_FOR_DRIVER_RESOLUTION,
NLG,driver_registry,FAILED_L0_BASIC_INVESTABILITY,LOW,NOT_ELIGIBLE_FOR_DRIVER_RESOLUTION,,NOT_ELIGIBLE_FOR_DRIVER_RESOLUTION,
NLG,driver_registry,NOT_ELIGIBLE_FOR_DRIVER_RESOLUTION,LOW,NOT_ELIGIBLE_FOR_DRIVER_RESOLUTION,,NOT_ELIGIBLE_FOR_DRIVER_RESOLUTION,
SSI,driver_registry,INSUFFICIENT_DATA_FOR_CLASSIFICATION,MEDIUM,NOT_ELIGIBLE_FOR_DRIVER_RESOLUTION,,NOT_ELIGIBLE_FOR_DRIVER_RESOLUTION,
SSI,driver_registry,NOT_ELIGIBLE_FOR_DRIVER_RESOLUTION,LOW,NOT_ELIGIBLE_FOR_DRIVER_RESOLUTION,,NOT_ELIGIBLE_FOR_DRIVER_RESOLUTION,
VND,driver_registry,INSUFFICIENT_DATA_FOR_CLASSIFICATION,MEDIUM,NOT_ELIGIBLE_FOR_DRIVER_RESOLUTION,,NOT_ELIGIBLE_FOR_DRIVER_RESOLUTION,
VND,driver_registry,NOT_ELIGIBLE_FOR_DRIVER_RESOLUTION,LOW,NOT_ELIGIBLE_FOR_DRIVER_RESOLUTION,,NOT_ELIGIBLE_FOR_DRIVER_RESOLUTION,
GAS,driver_registry,INSUFFICIENT_DATA_FOR_CLASSIFICATION,MEDIUM,NOT_ELIGIBLE_FOR_DRIVER_RESOLUTION,,NOT_ELIGIBLE_FOR_DRIVER_RESOLUTION,
GAS,driver_registry,NOT_ELIGIBLE_FOR_DRIVER_RESOLUTION,LOW,NOT_ELIGIBLE_FOR_DRIVER_RESOLUTION,,NOT_ELIGIBLE_FOR_DRIVER_RESOLUTION,
PVS,driver_registry,INSUFFICIENT_DATA_FOR_CLASSIFICATION,MEDIUM,NOT_ELIGIBLE_FOR_DRIVER_RESOLUTION,,NOT_ELIGIBLE_FOR_DRIVER_RESOLUTION,
PVS,driver_registry,NOT_ELIGIBLE_FOR_DRIVER_RESOLUTION,LOW,NOT_ELIGIBLE_FOR_DRIVER_RESOLUTION,,NOT_ELIGIBLE_FOR_DRIVER_RESOLUTION,
FPT,driver_registry,INSUFFICIENT_DATA_FOR_CLASSIFICATION,MEDIUM,NOT_ELIGIBLE_FOR_DRIVER_RESOLUTION,,NOT_ELIGIBLE_FOR_DRIVER_RESOLUTION,
FPT,driver_registry,NOT_ELIGIBLE_FOR_DRIVER_RESOLUTION,LOW,NOT_ELIGIBLE_FOR_DRIVER_RESOLUTION,,NOT_ELIGIBLE_FOR_DRIVER_RESOLUTION,
MWG,driver_registry,INSUFFICIENT_DATA_FOR_CLASSIFICATION,MEDIUM,NOT_ELIGIBLE_FOR_DRIVER_RESOLUTION,,NOT_ELIGIBLE_FOR_DRIVER_RESOLUTION,
MWG,driver_registry,NOT_ELIGIBLE_FOR_DRIVER_RESOLUTION,LOW,NOT_ELIGIBLE_FOR_DRIVER_RESOLUTION,,NOT_ELIGIBLE_FOR_DRIVER_RESOLUTION,
VGC,driver_registry,FAILED_L0_BASIC_INVESTABILITY,LOW,NOT_ELIGIBLE_FOR_DRIVER_RESOLUTION,,NOT_ELIGIBLE_FOR_DRIVER_RESOLUTION,
VGC,driver_registry,NOT_ELIGIBLE_FOR_DRIVER_RESOLUTION,LOW,NOT_ELIGIBLE_FOR_DRIVER_RESOLUTION,,NOT_ELIGIBLE_FOR_DRIVER_RESOLUTION,
GMD,driver_registry,INSUFFICIENT_DATA_FOR_CLASSIFICATION,MEDIUM,NOT_ELIGIBLE_FOR_DRIVER_RESOLUTION,,NOT_ELIGIBLE_FOR_DRIVER_RESOLUTION,
GMD,driver_registry,NOT_ELIGIBLE_FOR_DRIVER_RESOLUTION,LOW,NOT_ELIGIBLE_FOR_DRIVER_RESOLUTION,,NOT_ELIGIBLE_FOR_DRIVER_RESOLUTION,
VHC,driver_registry,FAILED_L0_BASIC_INVESTABILITY,LOW,NOT_ELIGIBLE_FOR_DRIVER_RESOLUTION,,NOT_ELIGIBLE_FOR_DRIVER_RESOLUTION,
VHC,driver_registry,NOT_ELIGIBLE_FOR_DRIVER_RESOLUTION,LOW,NOT_ELIGIBLE_FOR_DRIVER_RESOLUTION,,NOT_ELIGIBLE_FOR_DRIVER_RESOLUTION,
TCM,driver_registry,FAILED_L0_BASIC_INVESTABILITY,LOW,NOT_ELIGIBLE_FOR_DRIVER_RESOLUTION,,NOT_ELIGIBLE_FOR_DRIVER_RESOLUTION,
TCM,driver_registry,NOT_ELIGIBLE_FOR_DRIVER_RESOLUTION,LOW,NOT_ELIGIBLE_FOR_DRIVER_RESOLUTION,,NOT_ELIGIBLE_FOR_DRIVER_RESOLUTION,
VCB,indicator_registry,UNKNOWN_ARCHETYPE_FOR_INDICATOR_MAPPING,LOW,PARTIAL_INDICATORS_RESOLVED,,low,
VCB,indicator_registry,UNKNOWN_MICRO_SECTOR_FOR_INDICATOR_MAPPING,LOW,PARTIAL_INDICATORS_RESOLVED,,low,
BID,indicator_registry,UNKNOWN_ARCHETYPE_FOR_INDICATOR_MAPPING,LOW,PARTIAL_INDICATORS_RESOLVED,,low,
BID,indicator_registry,UNKNOWN_MICRO_SECTOR_FOR_INDICATOR_MAPPING,LOW,PARTIAL_INDICATORS_RESOLVED,,low,
CTG,indicator_registry,UNKNOWN_ARCHETYPE_FOR_INDICATOR_MAPPING,LOW,PARTIAL_INDICATORS_RESOLVED,,low,
CTG,indicator_registry,UNKNOWN_MICRO_SECTOR_FOR_INDICATOR_MAPPING,LOW,PARTIAL_INDICATORS_RESOLVED,,low,
MBB,indicator_registry,UNKNOWN_ARCHETYPE_FOR_INDICATOR_MAPPING,LOW,PARTIAL_INDICATORS_RESOLVED,,low,
MBB,indicator_registry,UNKNOWN_MICRO_SECTOR_FOR_INDICATOR_MAPPING,LOW,PARTIAL_INDICATORS_RESOLVED,,low,
ACB,indicator_registry,UNKNOWN_ARCHETYPE_FOR_INDICATOR_MAPPING,LOW,PARTIAL_INDICATORS_RESOLVED,,low,
ACB,indicator_registry,UNKNOWN_MICRO_SECTOR_FOR_INDICATOR_MAPPING,LOW,PARTIAL_INDICATORS_RESOLVED,,low,
HPG,indicator_registry,UNKNOWN_ARCHETYPE_FOR_INDICATOR_MAPPING,LOW,PARTIAL_INDICATORS_RESOLVED,,low,
HPG,indicator_registry,UNKNOWN_MICRO_SECTOR_FOR_INDICATOR_MAPPING,LOW,PARTIAL_INDICATORS_RESOLVED,,low,
HSG,indicator_registry,UNKNOWN_ARCHETYPE_FOR_INDICATOR_MAPPING,LOW,PARTIAL_INDICATORS_RESOLVED,,low,
HSG,indicator_registry,UNKNOWN_MICRO_SECTOR_FOR_INDICATOR_MAPPING,LOW,PARTIAL_INDICATORS_RESOLVED,,low,
VHM,indicator_registry,UNKNOWN_ARCHETYPE_FOR_INDICATOR_MAPPING,LOW,PARTIAL_INDICATORS_RESOLVED,,low,
VHM,indicator_registry,UNKNOWN_MICRO_SECTOR_FOR_INDICATOR_MAPPING,LOW,PARTIAL_INDICATORS_RESOLVED,,low,
KDH,indicator_registry,UNKNOWN_ARCHETYPE_FOR_INDICATOR_MAPPING,LOW,PARTIAL_INDICATORS_RESOLVED,,low,
KDH,indicator_registry,UNKNOWN_MICRO_SECTOR_FOR_INDICATOR_MAPPING,LOW,PARTIAL_INDICATORS_RESOLVED,,low,
NLG,indicator_registry,UNKNOWN_ARCHETYPE_FOR_INDICATOR_MAPPING,LOW,PARTIAL_INDICATORS_RESOLVED,,low,
NLG,indicator_registry,UNKNOWN_MICRO_SECTOR_FOR_INDICATOR_MAPPING,LOW,PARTIAL_INDICATORS_RESOLVED,,low,
SSI,indicator_registry,UNKNOWN_ARCHETYPE_FOR_INDICATOR_MAPPING,LOW,PARTIAL_INDICATORS_RESOLVED,,low,
SSI,indicator_registry,UNKNOWN_MICRO_SECTOR_FOR_INDICATOR_MAPPING,LOW,PARTIAL_INDICATORS_RESOLVED,,low,
VND,indicator_registry,UNKNOWN_ARCHETYPE_FOR_INDICATOR_MAPPING,LOW,PARTIAL_INDICATORS_RESOLVED,,low,
VND,indicator_registry,UNKNOWN_MICRO_SECTOR_FOR_INDICATOR_MAPPING,LOW,PARTIAL_INDICATORS_RESOLVED,,low,
GAS,indicator_registry,UNKNOWN_ARCHETYPE_FOR_INDICATOR_MAPPING,LOW,PARTIAL_INDICATORS_RESOLVED,,low,
GAS,indicator_registry,UNKNOWN_MICRO_SECTOR_FOR_INDICATOR_MAPPING,LOW,PARTIAL_INDICATORS_RESOLVED,,low,
PVS,indicator_registry,UNKNOWN_ARCHETYPE_FOR_INDICATOR_MAPPING,LOW,PARTIAL_INDICATORS_RESOLVED,,low,
PVS,indicator_registry,UNKNOWN_MICRO_SECTOR_FOR_INDICATOR_MAPPING,LOW,PARTIAL_INDICATORS_RESOLVED,,low,
FPT,indicator_registry,UNKNOWN_ARCHETYPE_FOR_INDICATOR_MAPPING,LOW,PARTIAL_INDICATORS_RESOLVED,,low,
FPT,indicator_registry,UNKNOWN_MICRO_SECTOR_FOR_INDICATOR_MAPPING,LOW,PARTIAL_INDICATORS_RESOLVED,,low,
MWG,indicator_registry,UNKNOWN_ARCHETYPE_FOR_INDICATOR_MAPPING,LOW,PARTIAL_INDICATORS_RESOLVED,,low,
MWG,indicator_registry,UNKNOWN_MICRO_SECTOR_FOR_INDICATOR_MAPPING,LOW,PARTIAL_INDICATORS_RESOLVED,,low,
VGC,indicator_registry,UNKNOWN_ARCHETYPE_FOR_INDICATOR_MAPPING,LOW,PARTIAL_INDICATORS_RESOLVED,,low,
VGC,indicator_registry,UNKNOWN_MICRO_SECTOR_FOR_INDICATOR_MAPPING,LOW,PARTIAL_INDICATORS_RESOLVED,,low,
GMD,indicator_registry,UNKNOWN_ARCHETYPE_FOR_INDICATOR_MAPPING,LOW,PARTIAL_INDICATORS_RESOLVED,,low,
GMD,indicator_registry,UNKNOWN_MICRO_SECTOR_FOR_INDICATOR_MAPPING,LOW,PARTIAL_INDICATORS_RESOLVED,,low,
VHC,indicator_registry,UNKNOWN_ARCHETYPE_FOR_INDICATOR_MAPPING,LOW,PARTIAL_INDICATORS_RESOLVED,,low,
VHC,indicator_registry,UNKNOWN_MICRO_SECTOR_FOR_INDICATOR_MAPPING,LOW,PARTIAL_INDICATORS_RESOLVED,,low,
TCM,indicator_registry,UNKNOWN_ARCHETYPE_FOR_INDICATOR_MAPPING,LOW,PARTIAL_INDICATORS_RESOLVED,,low,
TCM,indicator_registry,UNKNOWN_MICRO_SECTOR_FOR_INDICATOR_MAPPING,LOW,PARTIAL_INDICATORS_RESOLVED,,low,
,sector_cycle_engine,UNKNOWN_MICRO_SECTOR_FOR_SECTOR_CYCLE,MEDIUM,INSUFFICIENT_DATA_FOR_SECTOR_CYCLE,unknown,low,Unknown micro-sector; sector-cycle scoring requires manual review.
VCB,disclosure_status,DISCLOSURE_DATA_UNAVAILABLE,MEDIUM,MANUAL_REVIEW_REQUIRED,disclosure_status=missing,low,"absence of disclosure rows is unknown/unavailable, not clean"
BID,disclosure_status,DISCLOSURE_DATA_UNAVAILABLE,MEDIUM,MANUAL_REVIEW_REQUIRED,disclosure_status=missing,low,"absence of disclosure rows is unknown/unavailable, not clean"
CTG,disclosure_status,DISCLOSURE_DATA_UNAVAILABLE,MEDIUM,MANUAL_REVIEW_REQUIRED,disclosure_status=missing,low,"absence of disclosure rows is unknown/unavailable, not clean"
MBB,disclosure_status,DISCLOSURE_DATA_UNAVAILABLE,MEDIUM,MANUAL_REVIEW_REQUIRED,disclosure_status=missing,low,"absence of disclosure rows is unknown/unavailable, not clean"
ACB,disclosure_status,DISCLOSURE_DATA_UNAVAILABLE,MEDIUM,MANUAL_REVIEW_REQUIRED,disclosure_status=missing,low,"absence of disclosure rows is unknown/unavailable, not clean"
HPG,disclosure_status,DISCLOSURE_DATA_UNAVAILABLE,MEDIUM,MANUAL_REVIEW_REQUIRED,disclosure_status=missing,low,"absence of disclosure rows is unknown/unavailable, not clean"
HSG,disclosure_status,DISCLOSURE_DATA_UNAVAILABLE,MEDIUM,MANUAL_REVIEW_REQUIRED,disclosure_status=missing,low,"absence of disclosure rows is unknown/unavailable, not clean"
VHM,disclosure_status,DISCLOSURE_DATA_UNAVAILABLE,MEDIUM,MANUAL_REVIEW_REQUIRED,disclosure_status=missing,low,"absence of disclosure rows is unknown/unavailable, not clean"
KDH,disclosure_status,DISCLOSURE_DATA_UNAVAILABLE,MEDIUM,MANUAL_REVIEW_REQUIRED,disclosure_status=missing,low,"absence of disclosure rows is unknown/unavailable, not clean"
NLG,disclosure_status,DISCLOSURE_DATA_UNAVAILABLE,MEDIUM,MANUAL_REVIEW_REQUIRED,disclosure_status=missing,low,"absence of disclosure rows is unknown/unavailable, not clean"
SSI,disclosure_status,DISCLOSURE_DATA_UNAVAILABLE,MEDIUM,MANUAL_REVIEW_REQUIRED,disclosure_status=missing,low,"absence of disclosure rows is unknown/unavailable, not clean"
VND,disclosure_status,DISCLOSURE_DATA_UNAVAILABLE,MEDIUM,MANUAL_REVIEW_REQUIRED,disclosure_status=missing,low,"absence of disclosure rows is unknown/unavailable, not clean"
GAS,disclosure_status,DISCLOSURE_DATA_UNAVAILABLE,MEDIUM,MANUAL_REVIEW_REQUIRED,disclosure_status=missing,low,"absence of disclosure rows is unknown/unavailable, not clean"
PVS,disclosure_status,DISCLOSURE_DATA_UNAVAILABLE,MEDIUM,MANUAL_REVIEW_REQUIRED,disclosure_status=missing,low,"absence of disclosure rows is unknown/unavailable, not clean"
FPT,disclosure_status,DISCLOSURE_DATA_UNAVAILABLE,MEDIUM,MANUAL_REVIEW_REQUIRED,disclosure_status=missing,low,"absence of disclosure rows is unknown/unavailable, not clean"
MWG,disclosure_status,DISCLOSURE_DATA_UNAVAILABLE,MEDIUM,MANUAL_REVIEW_REQUIRED,disclosure_status=missing,low,"absence of disclosure rows is unknown/unavailable, not clean"
VGC,disclosure_status,DISCLOSURE_DATA_UNAVAILABLE,MEDIUM,MANUAL_REVIEW_REQUIRED,disclosure_status=missing,low,"absence of disclosure rows is unknown/unavailable, not clean"
GMD,disclosure_status,DISCLOSURE_DATA_UNAVAILABLE,MEDIUM,MANUAL_REVIEW_REQUIRED,disclosure_status=missing,low,"absence of disclosure rows is unknown/unavailable, not clean"
VHC,disclosure_status,DISCLOSURE_DATA_UNAVAILABLE,MEDIUM,MANUAL_REVIEW_REQUIRED,disclosure_status=missing,low,"absence of disclosure rows is unknown/unavailable, not clean"
TCM,disclosure_status,DISCLOSURE_DATA_UNAVAILABLE,MEDIUM,MANUAL_REVIEW_REQUIRED,disclosure_status=missing,low,"absence of disclosure rows is unknown/unavailable, not clean"
