ticker,period,period_type,field_name,value_vnd,raw_value,unit_raw,unit_multiplier,currency,source_category,source_name,source_url,final_url,local_path,file_hash,page_number,table_index,row_index,raw_label,raw_context,parser_name,parse_status,confidence_raw,manual_review_required,review_reason,fetch_time,notes
FPT,2026-Q1,quarter,,,,,,,official_company_document,official_pdf_parser_01if,https://fpt.com/-/media/project/fpt-corporation/fpt/ir/information-disclosures/year-report/2026/april/20260424---fpt---bctc-hop-nhat-quy-1-nam-2026.pdf,https://fpt.com/-/media/project/fpt-corporation/fpt/ir/information-disclosures/year-report/2026/april/20260424---fpt---bctc-hop-nhat-quy-1-nam-2026.pdf,data\raw\official_finance_documents\01ie\fpt_2026_q1_financial_statement_5adaee07d5aa1c5a.pdf,5adaee07d5aa1c5a16b2992ac20db480dc03dd9c02e61d0f361e6df479ec7012,,,,,,official_pdf_text_line_parser_01if,DOCUMENT_NOT_TEXT_EXTRACTABLE,low,True,NO_TEXT_EXTRACTED_NO_OCR,2026-06-07T04:37:54+00:00,no values inferred or fabricated
FPT,2026-Q1,quarter,,,,,,,official_company_document,official_pdf_parser_01if,https://fpt.com/-/media/project/fpt-corporation/fpt/ir/information-disclosures/year-report/2026/april/20260424---fpt---bctc-hop-nhat-quy-1-nam-2026.pdf,https://fpt.com/-/media/project/fpt-corporation/fpt/ir/information-disclosures/year-report/2026/april/20260424---fpt---bctc-hop-nhat-quy-1-nam-2026.pdf,data\raw\official_finance_documents\01ie\fpt_2026_q1_financial_statement_5adaee07d5aa1c5a.pdf,5adaee07d5aa1c5a16b2992ac20db480dc03dd9c02e61d0f361e6df479ec7012,,,,,,official_pdf_text_line_parser_01if,TABLE_EXTRACTION_UNAVAILABLE,low,True,NO_TABLE_BACKEND_OR_NO_TABLES_EXTRACTED,2026-06-07T04:37:54+00:00,no values inferred or fabricated
KDH,2026-Q1,quarter,,,,,,,official_company_document,official_pdf_parser_01if,https://www.khangdien.com.vn/wp-content/uploads/2026/04/20260429-kdh-bctc-hop-nhat-q12026-giai-trinh-trong-tm-sign.pdf,https://www.khangdien.com.vn/wp-content/uploads/2026/04/20260429-kdh-bctc-hop-nhat-q12026-giai-trinh-trong-tm-sign.pdf,data\raw\official_finance_documents\01ie\kdh_2026_q1_financial_statement_d2fe8d8130ad6e4a.pdf,d2fe8d8130ad6e4acc6dfd1f23352aba2af0411dcdc245ee9c89c7a9088f93d2,,,,,,official_pdf_text_line_parser_01if,DOCUMENT_NOT_TEXT_EXTRACTABLE,low,True,NO_TEXT_EXTRACTED_NO_OCR,2026-06-07T04:37:54+00:00,no values inferred or fabricated
KDH,2026-Q1,quarter,,,,,,,official_company_document,official_pdf_parser_01if,https://www.khangdien.com.vn/wp-content/uploads/2026/04/20260429-kdh-bctc-hop-nhat-q12026-giai-trinh-trong-tm-sign.pdf,https://www.khangdien.com.vn/wp-content/uploads/2026/04/20260429-kdh-bctc-hop-nhat-q12026-giai-trinh-trong-tm-sign.pdf,data\raw\official_finance_documents\01ie\kdh_2026_q1_financial_statement_d2fe8d8130ad6e4a.pdf,d2fe8d8130ad6e4acc6dfd1f23352aba2af0411dcdc245ee9c89c7a9088f93d2,,,,,,official_pdf_text_line_parser_01if,TABLE_EXTRACTION_UNAVAILABLE,low,True,NO_TABLE_BACKEND_OR_NO_TABLES_EXTRACTED,2026-06-07T04:37:54+00:00,no values inferred or fabricated
NLG,2026-Q1,quarter,,,,,,,official_company_document,official_pdf_parser_01if,https://www.namlongvn.com/uploads/2026/04/20260424-NLG-Bao-cao-tai-chinh-Q1.2026-Hop-nhat-EN.pdf,https://www.namlongvn.com/uploads/2026/04/20260424-NLG-Bao-cao-tai-chinh-Q1.2026-Hop-nhat-EN.pdf/,data\raw\official_finance_documents\01ie\nlg_2026_q1_financial_statement_7502785c759011a5.pdf,7502785c759011a50ed9e34288d2ff4555d15f3cde60c2695fedb35221a08233,,,,,,official_pdf_text_line_parser_01if,DOCUMENT_NOT_TEXT_EXTRACTABLE,low,True,NO_TEXT_EXTRACTED_NO_OCR,2026-06-07T04:37:55+00:00,no values inferred or fabricated
NLG,2026-Q1,quarter,,,,,,,official_company_document,official_pdf_parser_01if,https://www.namlongvn.com/uploads/2026/04/20260424-NLG-Bao-cao-tai-chinh-Q1.2026-Hop-nhat-EN.pdf,https://www.namlongvn.com/uploads/2026/04/20260424-NLG-Bao-cao-tai-chinh-Q1.2026-Hop-nhat-EN.pdf/,data\raw\official_finance_documents\01ie\nlg_2026_q1_financial_statement_7502785c759011a5.pdf,7502785c759011a50ed9e34288d2ff4555d15f3cde60c2695fedb35221a08233,,,,,,official_pdf_text_line_parser_01if,TABLE_EXTRACTION_UNAVAILABLE,low,True,NO_TABLE_BACKEND_OR_NO_TABLES_EXTRACTED,2026-06-07T04:37:55+00:00,no values inferred or fabricated
SSI,2026-Q1,quarter,,,,,,,official_company_document,official_pdf_parser_01if,https://www.ssi.com.vn/upload/files/IR/20260423_SSI_Bao_cao_tai_chinh_hop_nhat_Quy_1_nam_2026.pdf,https://www.ssi.com.vn/upload/files/IR/20260423_SSI_Bao_cao_tai_chinh_hop_nhat_Quy_1_nam_2026.pdf,data\raw\official_finance_documents\01ie\ssi_2026_q1_financial_statement_be5e66907904207a.pdf,be5e66907904207a2eabf7189b6bd3b94f31712019b20a1d377b12762cb7e462,,,,,,official_pdf_text_line_parser_01if,DOCUMENT_NOT_TEXT_EXTRACTABLE,low,True,NO_TEXT_EXTRACTED_NO_OCR,2026-06-07T04:37:55+00:00,no values inferred or fabricated
SSI,2026-Q1,quarter,,,,,,,official_company_document,official_pdf_parser_01if,https://www.ssi.com.vn/upload/files/IR/20260423_SSI_Bao_cao_tai_chinh_hop_nhat_Quy_1_nam_2026.pdf,https://www.ssi.com.vn/upload/files/IR/20260423_SSI_Bao_cao_tai_chinh_hop_nhat_Quy_1_nam_2026.pdf,data\raw\official_finance_documents\01ie\ssi_2026_q1_financial_statement_be5e66907904207a.pdf,be5e66907904207a2eabf7189b6bd3b94f31712019b20a1d377b12762cb7e462,,,,,,official_pdf_text_line_parser_01if,TABLE_EXTRACTION_UNAVAILABLE,low,True,NO_TABLE_BACKEND_OR_NO_TABLES_EXTRACTED,2026-06-07T04:37:55+00:00,no values inferred or fabricated
NLG,2025-Q4,quarter,,,,,,,official_company_document,official_pdf_parser_01if,https://www.namlongvn.com/uploads/2026/01/20260129-NLG-CBTT-Bao-cao-tai-chinh-Quy-4.2025-Hop-nhat-EN.pdf,https://www.namlongvn.com/uploads/2026/01/20260129-NLG-CBTT-Bao-cao-tai-chinh-Quy-4.2025-Hop-nhat-EN.pdf/,data\raw\official_finance_documents\01ie\nlg_2025_q4_financial_statement_dc2f591d86825eb6.pdf,dc2f591d86825eb6a725b08147bf4e26c047f858f599d57108da4c73738c2268,,,,,,official_pdf_text_line_parser_01if,DOCUMENT_NOT_TEXT_EXTRACTABLE,low,True,NO_TEXT_EXTRACTED_NO_OCR,2026-06-07T04:37:55+00:00,no values inferred or fabricated
NLG,2025-Q4,quarter,,,,,,,official_company_document,official_pdf_parser_01if,https://www.namlongvn.com/uploads/2026/01/20260129-NLG-CBTT-Bao-cao-tai-chinh-Quy-4.2025-Hop-nhat-EN.pdf,https://www.namlongvn.com/uploads/2026/01/20260129-NLG-CBTT-Bao-cao-tai-chinh-Quy-4.2025-Hop-nhat-EN.pdf/,data\raw\official_finance_documents\01ie\nlg_2025_q4_financial_statement_dc2f591d86825eb6.pdf,dc2f591d86825eb6a725b08147bf4e26c047f858f599d57108da4c73738c2268,,,,,,official_pdf_text_line_parser_01if,TABLE_EXTRACTION_UNAVAILABLE,low,True,NO_TABLE_BACKEND_OR_NO_TABLES_EXTRACTED,2026-06-07T04:37:55+00:00,no values inferred or fabricated
PVS,2025-Q4,quarter,,,,,,,official_company_document,official_pdf_parser_01if,https://www.ptsc.com.vn/Data/Sites/1/media/codong/2026/BCTC Hop nhat Q4 2025_web.pdf,https://www.ptsc.com.vn/Data/Sites/1/media/codong/2026/BCTC%20Hop%20nhat%20Q4%202025_web.pdf,data\raw\official_finance_documents\01ie\pvs_2025_q4_financial_statement_37e86358f3dcdfe4.pdf,37e86358f3dcdfe45fc887f401edd21e4f0f9b27f531451e04c6c3592f108fa4,,,,,,official_pdf_text_line_parser_01if,DOCUMENT_NOT_TEXT_EXTRACTABLE,low,True,NO_TEXT_EXTRACTED_NO_OCR,2026-06-07T04:37:55+00:00,no values inferred or fabricated
PVS,2025-Q4,quarter,,,,,,,official_company_document,official_pdf_parser_01if,https://www.ptsc.com.vn/Data/Sites/1/media/codong/2026/BCTC Hop nhat Q4 2025_web.pdf,https://www.ptsc.com.vn/Data/Sites/1/media/codong/2026/BCTC%20Hop%20nhat%20Q4%202025_web.pdf,data\raw\official_finance_documents\01ie\pvs_2025_q4_financial_statement_37e86358f3dcdfe4.pdf,37e86358f3dcdfe45fc887f401edd21e4f0f9b27f531451e04c6c3592f108fa4,,,,,,official_pdf_text_line_parser_01if,TABLE_EXTRACTION_UNAVAILABLE,low,True,NO_TABLE_BACKEND_OR_NO_TABLES_EXTRACTED,2026-06-07T04:37:55+00:00,no values inferred or fabricated
SSI,2025-Q4,quarter,,,,,,,official_company_document,official_pdf_parser_01if,https://www.ssi.com.vn/upload/files/IR/20260130_SSI_Bao_cao_tai_chinh_hop_nhat_Quy_4_nam_2025.pdf,https://www.ssi.com.vn/upload/files/IR/20260130_SSI_Bao_cao_tai_chinh_hop_nhat_Quy_4_nam_2025.pdf,data\raw\official_finance_documents\01ie\ssi_2025_q4_financial_statement_8e274d934023ff51.pdf,8e274d934023ff5129a99729f181b75df47dafda50ee26d831979466ae432d22,,,,,,official_pdf_text_line_parser_01if,DOCUMENT_NOT_TEXT_EXTRACTABLE,low,True,NO_TEXT_EXTRACTED_NO_OCR,2026-06-07T04:37:56+00:00,no values inferred or fabricated
SSI,2025-Q4,quarter,,,,,,,official_company_document,official_pdf_parser_01if,https://www.ssi.com.vn/upload/files/IR/20260130_SSI_Bao_cao_tai_chinh_hop_nhat_Quy_4_nam_2025.pdf,https://www.ssi.com.vn/upload/files/IR/20260130_SSI_Bao_cao_tai_chinh_hop_nhat_Quy_4_nam_2025.pdf,data\raw\official_finance_documents\01ie\ssi_2025_q4_financial_statement_8e274d934023ff51.pdf,8e274d934023ff5129a99729f181b75df47dafda50ee26d831979466ae432d22,,,,,,official_pdf_text_line_parser_01if,TABLE_EXTRACTION_UNAVAILABLE,low,True,NO_TABLE_BACKEND_OR_NO_TABLES_EXTRACTED,2026-06-07T04:37:56+00:00,no values inferred or fabricated
PVS,2025,annual,,,,,,,official_company_document,official_pdf_parser_01if,https://www.ptsc.com.vn/Data/Sites/1/media/codong/2025/PTSC_BCTC Hop nhat 6T %C4%90N2025 SKT.pdf,https://www.ptsc.com.vn/Data/Sites/1/media/codong/2025/PTSC_BCTC%20Hop%20nhat%206T%20%C4%90N2025%20SKT.pdf,data\raw\official_finance_documents\01ie\pvs_2025_financial_statement_81c6aae9cf6573bc.pdf,81c6aae9cf6573bc8bc726488e9abd5303ef51d242670241663ec29589d38670,,,,,,official_pdf_text_line_parser_01if,DOCUMENT_NOT_TEXT_EXTRACTABLE,low,True,NO_TEXT_EXTRACTED_NO_OCR,2026-06-07T04:37:56+00:00,no values inferred or fabricated
PVS,2025,annual,,,,,,,official_company_document,official_pdf_parser_01if,https://www.ptsc.com.vn/Data/Sites/1/media/codong/2025/PTSC_BCTC Hop nhat 6T %C4%90N2025 SKT.pdf,https://www.ptsc.com.vn/Data/Sites/1/media/codong/2025/PTSC_BCTC%20Hop%20nhat%206T%20%C4%90N2025%20SKT.pdf,data\raw\official_finance_documents\01ie\pvs_2025_financial_statement_81c6aae9cf6573bc.pdf,81c6aae9cf6573bc8bc726488e9abd5303ef51d242670241663ec29589d38670,,,,,,official_pdf_text_line_parser_01if,TABLE_EXTRACTION_UNAVAILABLE,low,True,NO_TABLE_BACKEND_OR_NO_TABLES_EXTRACTED,2026-06-07T04:37:56+00:00,no values inferred or fabricated
PVS,2025,annual,,,,,,,official_company_document,official_pdf_parser_01if,https://www.ptsc.com.vn/Data/Sites/1/media/codong/2025/PTSC_BCTC Hop nhat nam 2024_SKT.pdf,https://www.ptsc.com.vn/Data/Sites/1/media/codong/2025/PTSC_BCTC%20Hop%20nhat%20nam%202024_SKT.pdf,data\raw\official_finance_documents\01ie\pvs_2025_financial_statement_7f82e3a18a6d115b.pdf,7f82e3a18a6d115b2a412a78ec3d38a0e27528317e327a4ddc4eea61203d3b7a,,,,,,official_pdf_text_line_parser_01if,DOCUMENT_NOT_TEXT_EXTRACTABLE,low,True,NO_TEXT_EXTRACTED_NO_OCR,2026-06-07T04:37:56+00:00,no values inferred or fabricated
PVS,2025,annual,,,,,,,official_company_document,official_pdf_parser_01if,https://www.ptsc.com.vn/Data/Sites/1/media/codong/2025/PTSC_BCTC Hop nhat nam 2024_SKT.pdf,https://www.ptsc.com.vn/Data/Sites/1/media/codong/2025/PTSC_BCTC%20Hop%20nhat%20nam%202024_SKT.pdf,data\raw\official_finance_documents\01ie\pvs_2025_financial_statement_7f82e3a18a6d115b.pdf,7f82e3a18a6d115b2a412a78ec3d38a0e27528317e327a4ddc4eea61203d3b7a,,,,,,official_pdf_text_line_parser_01if,TABLE_EXTRACTION_UNAVAILABLE,low,True,NO_TABLE_BACKEND_OR_NO_TABLES_EXTRACTED,2026-06-07T04:37:56+00:00,no values inferred or fabricated
PVS,2025,annual,,,,,,,official_company_document,official_pdf_parser_01if,https://www.ptsc.com.vn/Data/Sites/1/media/codong/2025/PTSC_BCTC Hop nhat nam 2024_SKT_EN.pdf,https://www.ptsc.com.vn/Data/Sites/1/media/codong/2025/PTSC_BCTC%20Hop%20nhat%20nam%202024_SKT_EN.pdf,data\raw\official_finance_documents\01ie\pvs_2025_financial_statement_fb734e773d9f5ba4.pdf,fb734e773d9f5ba43472bd2a2ec42bb7c95344dbf365546136fc4cd0f774c5b7,,,,,,official_pdf_text_line_parser_01if,DOCUMENT_NOT_TEXT_EXTRACTABLE,low,True,NO_TEXT_EXTRACTED_NO_OCR,2026-06-07T04:37:56+00:00,no values inferred or fabricated
PVS,2025,annual,,,,,,,official_company_document,official_pdf_parser_01if,https://www.ptsc.com.vn/Data/Sites/1/media/codong/2025/PTSC_BCTC Hop nhat nam 2024_SKT_EN.pdf,https://www.ptsc.com.vn/Data/Sites/1/media/codong/2025/PTSC_BCTC%20Hop%20nhat%20nam%202024_SKT_EN.pdf,data\raw\official_finance_documents\01ie\pvs_2025_financial_statement_fb734e773d9f5ba4.pdf,fb734e773d9f5ba43472bd2a2ec42bb7c95344dbf365546136fc4cd0f774c5b7,,,,,,official_pdf_text_line_parser_01if,TABLE_EXTRACTION_UNAVAILABLE,low,True,NO_TABLE_BACKEND_OR_NO_TABLES_EXTRACTED,2026-06-07T04:37:56+00:00,no values inferred or fabricated
NLG,2025-Q3,quarter,,,,,,,official_company_document,official_pdf_parser_01if,https://www.namlongvn.com/uploads/2025/10/20251029_NLG_CBTT-Bao-cao-tai-chinh-Quy-3.2025_Hop-nhat_EN.pdf,https://www.namlongvn.com/uploads/2025/10/20251029_NLG_CBTT-Bao-cao-tai-chinh-Quy-3.2025_Hop-nhat_EN.pdf/,data\raw\official_finance_documents\01ie\nlg_2025_q3_financial_statement_b70e7c24682cabd9.pdf,b70e7c24682cabd95d229423896d74a4120ae537f88b948337022522798cfe83,,,,,,official_pdf_text_line_parser_01if,DOCUMENT_NOT_TEXT_EXTRACTABLE,low,True,NO_TEXT_EXTRACTED_NO_OCR,2026-06-07T04:37:57+00:00,no values inferred or fabricated
NLG,2025-Q3,quarter,,,,,,,official_company_document,official_pdf_parser_01if,https://www.namlongvn.com/uploads/2025/10/20251029_NLG_CBTT-Bao-cao-tai-chinh-Quy-3.2025_Hop-nhat_EN.pdf,https://www.namlongvn.com/uploads/2025/10/20251029_NLG_CBTT-Bao-cao-tai-chinh-Quy-3.2025_Hop-nhat_EN.pdf/,data\raw\official_finance_documents\01ie\nlg_2025_q3_financial_statement_b70e7c24682cabd9.pdf,b70e7c24682cabd95d229423896d74a4120ae537f88b948337022522798cfe83,,,,,,official_pdf_text_line_parser_01if,TABLE_EXTRACTION_UNAVAILABLE,low,True,NO_TABLE_BACKEND_OR_NO_TABLES_EXTRACTED,2026-06-07T04:37:57+00:00,no values inferred or fabricated
PVS,2025-Q3,quarter,,,,,,,official_company_document,official_pdf_parser_01if,https://www.ptsc.com.vn/Data/Sites/1/media/codong/VIE EN_BCTC Hop nhat_Quy 3.2025.pdf,https://www.ptsc.com.vn/Data/Sites/1/media/codong/VIE%20EN_BCTC%20Hop%20nhat_Quy%203.2025.pdf,data\raw\official_finance_documents\01ie\pvs_2025_q3_financial_statement_4725c9bda835de61.pdf,4725c9bda835de617ef59cb8c933eae12f8d365aca8c0afaadfadfae530d33e1,,,,,,official_pdf_text_line_parser_01if,DOCUMENT_NOT_TEXT_EXTRACTABLE,low,True,NO_TEXT_EXTRACTED_NO_OCR,2026-06-07T04:37:57+00:00,no values inferred or fabricated
PVS,2025-Q3,quarter,,,,,,,official_company_document,official_pdf_parser_01if,https://www.ptsc.com.vn/Data/Sites/1/media/codong/VIE EN_BCTC Hop nhat_Quy 3.2025.pdf,https://www.ptsc.com.vn/Data/Sites/1/media/codong/VIE%20EN_BCTC%20Hop%20nhat_Quy%203.2025.pdf,data\raw\official_finance_documents\01ie\pvs_2025_q3_financial_statement_4725c9bda835de61.pdf,4725c9bda835de617ef59cb8c933eae12f8d365aca8c0afaadfadfae530d33e1,,,,,,official_pdf_text_line_parser_01if,TABLE_EXTRACTION_UNAVAILABLE,low,True,NO_TABLE_BACKEND_OR_NO_TABLES_EXTRACTED,2026-06-07T04:37:57+00:00,no values inferred or fabricated
SSI,2025-Q3,quarter,,,,,,,official_company_document,official_pdf_parser_01if,https://www.ssi.com.vn/upload/files/IR/SSI_Bao_cao_tai_chinh_hop_nhat_Quy_3_nam_2025%20(1).pdf,https://www.ssi.com.vn/upload/files/IR/SSI_Bao_cao_tai_chinh_hop_nhat_Quy_3_nam_2025%20(1).pdf,data\raw\official_finance_documents\01ie\ssi_2025_q3_financial_statement_01d6b4d89d9bad8f.pdf,01d6b4d89d9bad8f7090f0ac66433fad2926ed961e150343a248f2293d0bfe06,,,,,,official_pdf_text_line_parser_01if,DOCUMENT_NOT_TEXT_EXTRACTABLE,low,True,NO_TEXT_EXTRACTED_NO_OCR,2026-06-07T04:37:57+00:00,no values inferred or fabricated
SSI,2025-Q3,quarter,,,,,,,official_company_document,official_pdf_parser_01if,https://www.ssi.com.vn/upload/files/IR/SSI_Bao_cao_tai_chinh_hop_nhat_Quy_3_nam_2025%20(1).pdf,https://www.ssi.com.vn/upload/files/IR/SSI_Bao_cao_tai_chinh_hop_nhat_Quy_3_nam_2025%20(1).pdf,data\raw\official_finance_documents\01ie\ssi_2025_q3_financial_statement_01d6b4d89d9bad8f.pdf,01d6b4d89d9bad8f7090f0ac66433fad2926ed961e150343a248f2293d0bfe06,,,,,,official_pdf_text_line_parser_01if,TABLE_EXTRACTION_UNAVAILABLE,low,True,NO_TABLE_BACKEND_OR_NO_TABLES_EXTRACTED,2026-06-07T04:37:57+00:00,no values inferred or fabricated
NLG,2025-Q2,quarter,,,,,,,official_company_document,official_pdf_parser_01if,https://www.namlongvn.com/uploads/2025/07/20250725-nlg-cbtt-bao-cao-tai-chinh-quy-2-2025-hop-nhat-en.pdf,https://www.namlongvn.com/uploads/2025/07/20250725-nlg-cbtt-bao-cao-tai-chinh-quy-2-2025-hop-nhat-en.pdf/,data\raw\official_finance_documents\01ie\nlg_2025_q2_financial_statement_fa0f45875eaf46be.pdf,fa0f45875eaf46be960a14bb2fda4b0642e22c585c0a97adc5fba1760f765150,,,,,,official_pdf_text_line_parser_01if,DOCUMENT_NOT_TEXT_EXTRACTABLE,low,True,NO_TEXT_EXTRACTED_NO_OCR,2026-06-07T04:37:58+00:00,no values inferred or fabricated
NLG,2025-Q2,quarter,,,,,,,official_company_document,official_pdf_parser_01if,https://www.namlongvn.com/uploads/2025/07/20250725-nlg-cbtt-bao-cao-tai-chinh-quy-2-2025-hop-nhat-en.pdf,https://www.namlongvn.com/uploads/2025/07/20250725-nlg-cbtt-bao-cao-tai-chinh-quy-2-2025-hop-nhat-en.pdf/,data\raw\official_finance_documents\01ie\nlg_2025_q2_financial_statement_fa0f45875eaf46be.pdf,fa0f45875eaf46be960a14bb2fda4b0642e22c585c0a97adc5fba1760f765150,,,,,,official_pdf_text_line_parser_01if,TABLE_EXTRACTION_UNAVAILABLE,low,True,NO_TABLE_BACKEND_OR_NO_TABLES_EXTRACTED,2026-06-07T04:37:58+00:00,no values inferred or fabricated
PVS,2025-Q2,quarter,,,,,,,official_company_document,official_pdf_parser_01if,https://www.ptsc.com.vn/Data/Sites/1/media/codong/2025/BCTC Q2_Webiste.pdf,https://www.ptsc.com.vn/Data/Sites/1/media/codong/2025/BCTC%20Q2_Webiste.pdf,data\raw\official_finance_documents\01ie\pvs_2025_q2_financial_statement_4b78ed50d5120d57.pdf,4b78ed50d5120d5774dd26b50cda33e33fa1125959ccabc0f942c5328387638b,,,,,,official_pdf_text_line_parser_01if,TABLE_EXTRACTION_UNAVAILABLE,low,True,NO_TABLE_BACKEND_OR_NO_TABLES_EXTRACTED,2026-06-07T04:37:58+00:00,no values inferred or fabricated
PVS,2026-Q1,quarter,,,,,,,official_company_document,official_pdf_parser_01if,https://www.ptsc.com.vn/Data/Sites/1/media/codong/2026/658 PTSC-BTK.pdf,https://www.ptsc.com.vn/Data/Sites/1/media/codong/2026/658%20PTSC-BTK.pdf,data\raw\official_finance_documents\01ie\pvs_2026_q1_financial_statement_163b34a26aa6ccc7.pdf,163b34a26aa6ccc732ee81f04ce116457ab7c375094f231c2cbc2f66093c091e,,,,,,official_pdf_text_line_parser_01if,TABLE_EXTRACTION_UNAVAILABLE,low,True,NO_TABLE_BACKEND_OR_NO_TABLES_EXTRACTED,2026-06-07T04:37:59+00:00,no values inferred or fabricated
NLG,2025,annual,,,,,,,official_company_document,official_pdf_parser_01if,https://www.namlongvn.com/uploads/2025/08/20250804-nlg-bao-cao-soat-xet-ban-nien-2025-hop-nhat-en.pdf,https://www.namlongvn.com/uploads/2025/08/20250804-nlg-bao-cao-soat-xet-ban-nien-2025-hop-nhat-en.pdf/,data\raw\official_finance_documents\01ie\nlg_2025_financial_statement_32478ad3f1aaf25f.pdf,32478ad3f1aaf25f0cf3853fdcad6a8b9d3142bbb873fdb54c617fbc85f2909a,,,,,,official_pdf_text_line_parser_01if,DOCUMENT_NOT_TEXT_EXTRACTABLE,low,True,NO_TEXT_EXTRACTED_NO_OCR,2026-06-07T04:38:00+00:00,no values inferred or fabricated
NLG,2025,annual,,,,,,,official_company_document,official_pdf_parser_01if,https://www.namlongvn.com/uploads/2025/08/20250804-nlg-bao-cao-soat-xet-ban-nien-2025-hop-nhat-en.pdf,https://www.namlongvn.com/uploads/2025/08/20250804-nlg-bao-cao-soat-xet-ban-nien-2025-hop-nhat-en.pdf/,data\raw\official_finance_documents\01ie\nlg_2025_financial_statement_32478ad3f1aaf25f.pdf,32478ad3f1aaf25f0cf3853fdcad6a8b9d3142bbb873fdb54c617fbc85f2909a,,,,,,official_pdf_text_line_parser_01if,TABLE_EXTRACTION_UNAVAILABLE,low,True,NO_TABLE_BACKEND_OR_NO_TABLES_EXTRACTED,2026-06-07T04:38:00+00:00,no values inferred or fabricated
NLG,2025,annual,,,,,,,official_company_document,official_pdf_parser_01if,https://www.namlongvn.com/uploads/assets/files/Dai-hoi-dong-co-dong/2025/nlg-agm-2025-nam-long-highlights-in-2024-audited-consolidated-financial-reports-2024.pdf,https://www.namlongvn.com/uploads/assets/files/Dai-hoi-dong-co-dong/2025/nlg-agm-2025-nam-long-highlights-in-2024-audited-consolidated-financial-reports-2024.pdf/,data\raw\official_finance_documents\01ie\nlg_2025_financial_statement_f8546e950feec687.pdf,f8546e950feec6879f9b1fa0ae8f419e81a40d7f720b45b39455093b52ac48da,,,,,,official_pdf_text_line_parser_01if,TABLE_EXTRACTION_UNAVAILABLE,low,True,NO_TABLE_BACKEND_OR_NO_TABLES_EXTRACTED,2026-06-07T04:38:02+00:00,no values inferred or fabricated
NLG,2025,annual,revenue,,,billion VND,1000000000,VND,official_company_document,official_pdf_parser_01if,https://www.namlongvn.com/uploads/assets/files/Dai-hoi-dong-co-dong/2025/nlg-agm-2025-nam-long-highlights-in-2024-audited-consolidated-financial-reports-2024.pdf,https://www.namlongvn.com/uploads/assets/files/Dai-hoi-dong-co-dong/2025/nlg-agm-2025-nam-long-highlights-in-2024-audited-consolidated-financial-reports-2024.pdf/,data\raw\official_finance_documents\01ie\nlg_2025_financial_statement_f8546e950feec687.pdf,f8546e950feec6879f9b1fa0ae8f419e81a40d7f720b45b39455093b52ac48da,11,,8,Revenue,Revenue,official_pdf_text_line_parser_01if,FIELD_VALUE_AMBIGUOUS,low,True,FIELD_VALUE_NOT_FOUND,2026-06-07T04:38:02+00:00,explicit label/value parser; no missing values inferred
NLG,2025,annual,revenue,,,billion VND,1000000000,VND,official_company_document,official_pdf_parser_01if,https://www.namlongvn.com/uploads/assets/files/Dai-hoi-dong-co-dong/2025/nlg-agm-2025-nam-long-highlights-in-2024-audited-consolidated-financial-reports-2024.pdf,https://www.namlongvn.com/uploads/assets/files/Dai-hoi-dong-co-dong/2025/nlg-agm-2025-nam-long-highlights-in-2024-audited-consolidated-financial-reports-2024.pdf/,data\raw\official_finance_documents\01ie\nlg_2025_financial_statement_f8546e950feec687.pdf,f8546e950feec6879f9b1fa0ae8f419e81a40d7f720b45b39455093b52ac48da,11,,9,• The consolidated revenue for 2024 amounted to VND,• The consolidated revenue for 2024 amounted to VND,official_pdf_text_line_parser_01if,FIELD_VALUE_AMBIGUOUS,low,True,FIELD_VALUE_NOT_FOUND,2026-06-07T04:38:02+00:00,explicit label/value parser; no missing values inferred
NLG,2025,annual,revenue,,,billion VND,1000000000,VND,official_company_document,official_pdf_parser_01if,https://www.namlongvn.com/uploads/assets/files/Dai-hoi-dong-co-dong/2025/nlg-agm-2025-nam-long-highlights-in-2024-audited-consolidated-financial-reports-2024.pdf,https://www.namlongvn.com/uploads/assets/files/Dai-hoi-dong-co-dong/2025/nlg-agm-2025-nam-long-highlights-in-2024-audited-consolidated-financial-reports-2024.pdf/,data\raw\official_finance_documents\01ie\nlg_2025_financial_statement_f8546e950feec687.pdf,f8546e950feec6879f9b1fa0ae8f419e81a40d7f720b45b39455093b52ac48da,11,,15,85%. The remaining revenue mainly came from,85%. The remaining revenue mainly came from,official_pdf_text_line_parser_01if,FIELD_VALUE_AMBIGUOUS,low,True,FIELD_VALUE_NOT_FOUND,2026-06-07T04:38:02+00:00,explicit label/value parser; no missing values inferred
NLG,2025,annual,equity,,,billion VND,1000000000,VND,official_company_document,official_pdf_parser_01if,https://www.namlongvn.com/uploads/assets/files/Dai-hoi-dong-co-dong/2025/nlg-agm-2025-nam-long-highlights-in-2024-audited-consolidated-financial-reports-2024.pdf,https://www.namlongvn.com/uploads/assets/files/Dai-hoi-dong-co-dong/2025/nlg-agm-2025-nam-long-highlights-in-2024-audited-consolidated-financial-reports-2024.pdf/,data\raw\official_finance_documents\01ie\nlg_2025_financial_statement_f8546e950feec687.pdf,f8546e950feec6879f9b1fa0ae8f419e81a40d7f720b45b39455093b52ac48da,11,,16,"construction services, project management, and equity","construction services, project management, and equity",official_pdf_text_line_parser_01if,FIELD_VALUE_AMBIGUOUS,low,True,FIELD_VALUE_NOT_FOUND,2026-06-07T04:38:02+00:00,explicit label/value parser; no missing values inferred
NLG,2025,annual,net_profit,,,billion VND,1000000000,VND,official_company_document,official_pdf_parser_01if,https://www.namlongvn.com/uploads/assets/files/Dai-hoi-dong-co-dong/2025/nlg-agm-2025-nam-long-highlights-in-2024-audited-consolidated-financial-reports-2024.pdf,https://www.namlongvn.com/uploads/assets/files/Dai-hoi-dong-co-dong/2025/nlg-agm-2025-nam-long-highlights-in-2024-audited-consolidated-financial-reports-2024.pdf/,data\raw\official_finance_documents\01ie\nlg_2025_financial_statement_f8546e950feec687.pdf,f8546e950feec6879f9b1fa0ae8f419e81a40d7f720b45b39455093b52ac48da,11,,18,Net profit after tax attributable to shareholders of the,Net profit after tax attributable to shareholders of the,official_pdf_text_line_parser_01if,FIELD_VALUE_AMBIGUOUS,low,True,FIELD_VALUE_NOT_FOUND,2026-06-07T04:38:02+00:00,explicit label/value parser; no missing values inferred
NLG,2025,annual,net_profit,,,billion VND,1000000000,VND,official_company_document,official_pdf_parser_01if,https://www.namlongvn.com/uploads/assets/files/Dai-hoi-dong-co-dong/2025/nlg-agm-2025-nam-long-highlights-in-2024-audited-consolidated-financial-reports-2024.pdf,https://www.namlongvn.com/uploads/assets/files/Dai-hoi-dong-co-dong/2025/nlg-agm-2025-nam-long-highlights-in-2024-audited-consolidated-financial-reports-2024.pdf/,data\raw\official_finance_documents\01ie\nlg_2025_financial_statement_f8546e950feec687.pdf,f8546e950feec6879f9b1fa0ae8f419e81a40d7f720b45b39455093b52ac48da,11,,20,• Net profit after tax attributable to non-controlling interests,• Net profit after tax attributable to non-controlling interests,official_pdf_text_line_parser_01if,FIELD_VALUE_AMBIGUOUS,low,True,FIELD_VALUE_NOT_FOUND,2026-06-07T04:38:02+00:00,explicit label/value parser; no missing values inferred
NLG,2025,annual,revenue,,,billion VND,1000000000,VND,official_company_document,official_pdf_parser_01if,https://www.namlongvn.com/uploads/assets/files/Dai-hoi-dong-co-dong/2025/nlg-agm-2025-nam-long-highlights-in-2024-audited-consolidated-financial-reports-2024.pdf,https://www.namlongvn.com/uploads/assets/files/Dai-hoi-dong-co-dong/2025/nlg-agm-2025-nam-long-highlights-in-2024-audited-consolidated-financial-reports-2024.pdf/,data\raw\official_finance_documents\01ie\nlg_2025_financial_statement_f8546e950feec687.pdf,f8546e950feec6879f9b1fa0ae8f419e81a40d7f720b45b39455093b52ac48da,11,,26,Revenue,Revenue,official_pdf_text_line_parser_01if,FIELD_VALUE_AMBIGUOUS,low,True,FIELD_VALUE_NOT_FOUND,2026-06-07T04:38:02+00:00,explicit label/value parser; no missing values inferred
NLG,2025,annual,,,,,,,official_company_document,official_pdf_parser_01if,https://www.namlongvn.com/uploads/assets/files/Dai-hoi-dong-co-dong/2025/nlg-agm-2025-submission-audited-financial-report-2024-profit-distribution-plan-2024.pdf,https://www.namlongvn.com/uploads/assets/files/Dai-hoi-dong-co-dong/2025/nlg-agm-2025-submission-audited-financial-report-2024-profit-distribution-plan-2024.pdf/,data\raw\official_finance_documents\01ie\nlg_2025_financial_statement_afb75dcf5cb77001.pdf,afb75dcf5cb770013e13b6fda0a1288ddc02939452ef1daa80ea48ed33057ab7,,,,,,official_pdf_text_line_parser_01if,DOCUMENT_NOT_TEXT_EXTRACTABLE,low,True,NO_TEXT_EXTRACTED_NO_OCR,2026-06-07T04:38:02+00:00,no values inferred or fabricated
NLG,2025,annual,,,,,,,official_company_document,official_pdf_parser_01if,https://www.namlongvn.com/uploads/assets/files/Dai-hoi-dong-co-dong/2025/nlg-agm-2025-submission-audited-financial-report-2024-profit-distribution-plan-2024.pdf,https://www.namlongvn.com/uploads/assets/files/Dai-hoi-dong-co-dong/2025/nlg-agm-2025-submission-audited-financial-report-2024-profit-distribution-plan-2024.pdf/,data\raw\official_finance_documents\01ie\nlg_2025_financial_statement_afb75dcf5cb77001.pdf,afb75dcf5cb770013e13b6fda0a1288ddc02939452ef1daa80ea48ed33057ab7,,,,,,official_pdf_text_line_parser_01if,TABLE_EXTRACTION_UNAVAILABLE,low,True,NO_TABLE_BACKEND_OR_NO_TABLES_EXTRACTED,2026-06-07T04:38:02+00:00,no values inferred or fabricated
SSI,2025,annual,,,,,,,official_company_document,official_pdf_parser_01if,https://www.ssi.com.vn/upload/files/IR/Reports/20250814_SSI_Bao_cao_tai_chinh_rieng_soat_xet_ban_nien_2025.pdf,https://www.ssi.com.vn/upload/files/IR/Reports/20250814_SSI_Bao_cao_tai_chinh_rieng_soat_xet_ban_nien_2025.pdf,data\raw\official_finance_documents\01ie\ssi_2025_financial_statement_513737d0cb20948e.pdf,513737d0cb20948ec679f05e8d3bcf8decb81dfb81b36aba42ccd05aa961ae65,,,,,,official_pdf_text_line_parser_01if,DOCUMENT_NOT_TEXT_EXTRACTABLE,low,True,NO_TEXT_EXTRACTED_NO_OCR,2026-06-07T04:38:02+00:00,no values inferred or fabricated
SSI,2025,annual,,,,,,,official_company_document,official_pdf_parser_01if,https://www.ssi.com.vn/upload/files/IR/Reports/20250814_SSI_Bao_cao_tai_chinh_rieng_soat_xet_ban_nien_2025.pdf,https://www.ssi.com.vn/upload/files/IR/Reports/20250814_SSI_Bao_cao_tai_chinh_rieng_soat_xet_ban_nien_2025.pdf,data\raw\official_finance_documents\01ie\ssi_2025_financial_statement_513737d0cb20948e.pdf,513737d0cb20948ec679f05e8d3bcf8decb81dfb81b36aba42ccd05aa961ae65,,,,,,official_pdf_text_line_parser_01if,TABLE_EXTRACTION_UNAVAILABLE,low,True,NO_TABLE_BACKEND_OR_NO_TABLES_EXTRACTED,2026-06-07T04:38:02+00:00,no values inferred or fabricated
