ticker,period,local_path,file_hash,page_count,backend,text_chars,table_count,extract_status,error,notes
FPT,2026-Q1,data\raw\official_finance_documents\01ie\fpt_2026_q1_financial_statement_5adaee07d5aa1c5a.pdf,5adaee07d5aa1c5a16b2992ac20db480dc03dd9c02e61d0f361e6df479ec7012,46,pymupdf,99,0,TEXT_EXTRACTED,,python-native non-OCR extraction
FPT,2026-Q1,data\raw\official_finance_documents\01ie\fpt_2026_q1_financial_statement_5adaee07d5aa1c5a.pdf,5adaee07d5aa1c5a16b2992ac20db480dc03dd9c02e61d0f361e6df479ec7012,46,pdfplumber,0,0,NO_TEXT_EXTRACTED,,python-native non-OCR extraction
FPT,2026-Q1,data\raw\official_finance_documents\01ie\fpt_2026_q1_financial_statement_5adaee07d5aa1c5a.pdf,5adaee07d5aa1c5a16b2992ac20db480dc03dd9c02e61d0f361e6df479ec7012,46,pypdf,0,0,NO_TEXT_EXTRACTED,,python-native non-OCR extraction
KDH,2026-Q1,data\raw\official_finance_documents\01ie\kdh_2026_q1_financial_statement_d2fe8d8130ad6e4a.pdf,d2fe8d8130ad6e4acc6dfd1f23352aba2af0411dcdc245ee9c89c7a9088f93d2,43,pymupdf,164,0,TEXT_EXTRACTED,,python-native non-OCR extraction
KDH,2026-Q1,data\raw\official_finance_documents\01ie\kdh_2026_q1_financial_statement_d2fe8d8130ad6e4a.pdf,d2fe8d8130ad6e4acc6dfd1f23352aba2af0411dcdc245ee9c89c7a9088f93d2,43,pdfplumber,0,0,NO_TEXT_EXTRACTED,,python-native non-OCR extraction
KDH,2026-Q1,data\raw\official_finance_documents\01ie\kdh_2026_q1_financial_statement_d2fe8d8130ad6e4a.pdf,d2fe8d8130ad6e4acc6dfd1f23352aba2af0411dcdc245ee9c89c7a9088f93d2,43,pypdf,0,0,NO_TEXT_EXTRACTED,,python-native non-OCR extraction
NLG,2026-Q1,data\raw\official_finance_documents\01ie\nlg_2026_q1_financial_statement_7502785c759011a5.pdf,7502785c759011a50ed9e34288d2ff4555d15f3cde60c2695fedb35221a08233,48,pymupdf,0,0,NO_TEXT_EXTRACTED,,python-native non-OCR extraction
NLG,2026-Q1,data\raw\official_finance_documents\01ie\nlg_2026_q1_financial_statement_7502785c759011a5.pdf,7502785c759011a50ed9e34288d2ff4555d15f3cde60c2695fedb35221a08233,48,pdfplumber,0,0,NO_TEXT_EXTRACTED,,python-native non-OCR extraction
NLG,2026-Q1,data\raw\official_finance_documents\01ie\nlg_2026_q1_financial_statement_7502785c759011a5.pdf,7502785c759011a50ed9e34288d2ff4555d15f3cde60c2695fedb35221a08233,48,pypdf,0,0,NO_TEXT_EXTRACTED,,python-native non-OCR extraction
NLG,2026-Q1,data\raw\official_finance_documents\01ie\nlg_2026_q1_financial_statement_7502785c759011a5.pdf,7502785c759011a50ed9e34288d2ff4555d15f3cde60c2695fedb35221a08233,48,overall,0,0,SCANNED_OR_IMAGE_ONLY_REVIEW,,no non-OCR Python backend extracted usable text or tables
SSI,2026-Q1,data\raw\official_finance_documents\01ie\ssi_2026_q1_financial_statement_be5e66907904207a.pdf,be5e66907904207a2eabf7189b6bd3b94f31712019b20a1d377b12762cb7e462,75,pymupdf,0,0,NO_TEXT_EXTRACTED,,python-native non-OCR extraction
SSI,2026-Q1,data\raw\official_finance_documents\01ie\ssi_2026_q1_financial_statement_be5e66907904207a.pdf,be5e66907904207a2eabf7189b6bd3b94f31712019b20a1d377b12762cb7e462,75,pdfplumber,0,0,NO_TEXT_EXTRACTED,,python-native non-OCR extraction
SSI,2026-Q1,data\raw\official_finance_documents\01ie\ssi_2026_q1_financial_statement_be5e66907904207a.pdf,be5e66907904207a2eabf7189b6bd3b94f31712019b20a1d377b12762cb7e462,75,pypdf,0,0,NO_TEXT_EXTRACTED,,python-native non-OCR extraction
SSI,2026-Q1,data\raw\official_finance_documents\01ie\ssi_2026_q1_financial_statement_be5e66907904207a.pdf,be5e66907904207a2eabf7189b6bd3b94f31712019b20a1d377b12762cb7e462,75,overall,0,0,SCANNED_OR_IMAGE_ONLY_REVIEW,,no non-OCR Python backend extracted usable text or tables
NLG,2025-Q4,data\raw\official_finance_documents\01ie\nlg_2025_q4_financial_statement_dc2f591d86825eb6.pdf,dc2f591d86825eb6a725b08147bf4e26c047f858f599d57108da4c73738c2268,48,pymupdf,0,0,NO_TEXT_EXTRACTED,,python-native non-OCR extraction
NLG,2025-Q4,data\raw\official_finance_documents\01ie\nlg_2025_q4_financial_statement_dc2f591d86825eb6.pdf,dc2f591d86825eb6a725b08147bf4e26c047f858f599d57108da4c73738c2268,48,pdfplumber,0,0,NO_TEXT_EXTRACTED,,python-native non-OCR extraction
NLG,2025-Q4,data\raw\official_finance_documents\01ie\nlg_2025_q4_financial_statement_dc2f591d86825eb6.pdf,dc2f591d86825eb6a725b08147bf4e26c047f858f599d57108da4c73738c2268,48,pypdf,0,0,NO_TEXT_EXTRACTED,,python-native non-OCR extraction
NLG,2025-Q4,data\raw\official_finance_documents\01ie\nlg_2025_q4_financial_statement_dc2f591d86825eb6.pdf,dc2f591d86825eb6a725b08147bf4e26c047f858f599d57108da4c73738c2268,48,overall,0,0,SCANNED_OR_IMAGE_ONLY_REVIEW,,no non-OCR Python backend extracted usable text or tables
PVS,2025-Q4,data\raw\official_finance_documents\01ie\pvs_2025_q4_financial_statement_37e86358f3dcdfe4.pdf,37e86358f3dcdfe45fc887f401edd21e4f0f9b27f531451e04c6c3592f108fa4,105,pymupdf,3839,0,TEXT_EXTRACTED,,python-native non-OCR extraction
PVS,2025-Q4,data\raw\official_finance_documents\01ie\pvs_2025_q4_financial_statement_37e86358f3dcdfe4.pdf,37e86358f3dcdfe45fc887f401edd21e4f0f9b27f531451e04c6c3592f108fa4,105,pdfplumber,5593,0,TEXT_EXTRACTED,,python-native non-OCR extraction
PVS,2025-Q4,data\raw\official_finance_documents\01ie\pvs_2025_q4_financial_statement_37e86358f3dcdfe4.pdf,37e86358f3dcdfe45fc887f401edd21e4f0f9b27f531451e04c6c3592f108fa4,105,pypdf,3982,0,TEXT_EXTRACTED,,python-native non-OCR extraction
SSI,2025-Q4,data\raw\official_finance_documents\01ie\ssi_2025_q4_financial_statement_8e274d934023ff51.pdf,8e274d934023ff5129a99729f181b75df47dafda50ee26d831979466ae432d22,75,pymupdf,0,0,NO_TEXT_EXTRACTED,,python-native non-OCR extraction
SSI,2025-Q4,data\raw\official_finance_documents\01ie\ssi_2025_q4_financial_statement_8e274d934023ff51.pdf,8e274d934023ff5129a99729f181b75df47dafda50ee26d831979466ae432d22,75,pdfplumber,0,0,NO_TEXT_EXTRACTED,,python-native non-OCR extraction
SSI,2025-Q4,data\raw\official_finance_documents\01ie\ssi_2025_q4_financial_statement_8e274d934023ff51.pdf,8e274d934023ff5129a99729f181b75df47dafda50ee26d831979466ae432d22,75,pypdf,0,0,NO_TEXT_EXTRACTED,,python-native non-OCR extraction
SSI,2025-Q4,data\raw\official_finance_documents\01ie\ssi_2025_q4_financial_statement_8e274d934023ff51.pdf,8e274d934023ff5129a99729f181b75df47dafda50ee26d831979466ae432d22,75,overall,0,0,SCANNED_OR_IMAGE_ONLY_REVIEW,,no non-OCR Python backend extracted usable text or tables
PVS,2025,data\raw\official_finance_documents\01ie\pvs_2025_financial_statement_81c6aae9cf6573bc.pdf,81c6aae9cf6573bc8bc726488e9abd5303ef51d242670241663ec29589d38670,70,pymupdf,0,0,NO_TEXT_EXTRACTED,,python-native non-OCR extraction
PVS,2025,data\raw\official_finance_documents\01ie\pvs_2025_financial_statement_81c6aae9cf6573bc.pdf,81c6aae9cf6573bc8bc726488e9abd5303ef51d242670241663ec29589d38670,70,pdfplumber,0,0,NO_TEXT_EXTRACTED,,python-native non-OCR extraction
PVS,2025,data\raw\official_finance_documents\01ie\pvs_2025_financial_statement_81c6aae9cf6573bc.pdf,81c6aae9cf6573bc8bc726488e9abd5303ef51d242670241663ec29589d38670,70,pypdf,0,0,NO_TEXT_EXTRACTED,,python-native non-OCR extraction
PVS,2025,data\raw\official_finance_documents\01ie\pvs_2025_financial_statement_81c6aae9cf6573bc.pdf,81c6aae9cf6573bc8bc726488e9abd5303ef51d242670241663ec29589d38670,70,overall,0,0,SCANNED_OR_IMAGE_ONLY_REVIEW,,no non-OCR Python backend extracted usable text or tables
PVS,2025,data\raw\official_finance_documents\01ie\pvs_2025_financial_statement_7f82e3a18a6d115b.pdf,7f82e3a18a6d115b2a412a78ec3d38a0e27528317e327a4ddc4eea61203d3b7a,95,pymupdf,5076,0,TEXT_EXTRACTED,,python-native non-OCR extraction
PVS,2025,data\raw\official_finance_documents\01ie\pvs_2025_financial_statement_7f82e3a18a6d115b.pdf,7f82e3a18a6d115b2a412a78ec3d38a0e27528317e327a4ddc4eea61203d3b7a,95,pdfplumber,7490,0,TEXT_EXTRACTED,,python-native non-OCR extraction
PVS,2025,data\raw\official_finance_documents\01ie\pvs_2025_financial_statement_7f82e3a18a6d115b.pdf,7f82e3a18a6d115b2a412a78ec3d38a0e27528317e327a4ddc4eea61203d3b7a,95,pypdf,5174,0,TEXT_EXTRACTED,,python-native non-OCR extraction
PVS,2025,data\raw\official_finance_documents\01ie\pvs_2025_financial_statement_fb734e773d9f5ba4.pdf,fb734e773d9f5ba43472bd2a2ec42bb7c95344dbf365546136fc4cd0f774c5b7,95,pymupdf,5076,0,TEXT_EXTRACTED,,python-native non-OCR extraction
PVS,2025,data\raw\official_finance_documents\01ie\pvs_2025_financial_statement_fb734e773d9f5ba4.pdf,fb734e773d9f5ba43472bd2a2ec42bb7c95344dbf365546136fc4cd0f774c5b7,95,pdfplumber,7490,0,TEXT_EXTRACTED,,python-native non-OCR extraction
PVS,2025,data\raw\official_finance_documents\01ie\pvs_2025_financial_statement_fb734e773d9f5ba4.pdf,fb734e773d9f5ba43472bd2a2ec42bb7c95344dbf365546136fc4cd0f774c5b7,95,pypdf,5174,0,TEXT_EXTRACTED,,python-native non-OCR extraction
NLG,2025-Q3,data\raw\official_finance_documents\01ie\nlg_2025_q3_financial_statement_b70e7c24682cabd9.pdf,b70e7c24682cabd95d229423896d74a4120ae537f88b948337022522798cfe83,46,pymupdf,0,0,NO_TEXT_EXTRACTED,,python-native non-OCR extraction
NLG,2025-Q3,data\raw\official_finance_documents\01ie\nlg_2025_q3_financial_statement_b70e7c24682cabd9.pdf,b70e7c24682cabd95d229423896d74a4120ae537f88b948337022522798cfe83,46,pdfplumber,0,0,NO_TEXT_EXTRACTED,,python-native non-OCR extraction
NLG,2025-Q3,data\raw\official_finance_documents\01ie\nlg_2025_q3_financial_statement_b70e7c24682cabd9.pdf,b70e7c24682cabd95d229423896d74a4120ae537f88b948337022522798cfe83,46,pypdf,0,0,NO_TEXT_EXTRACTED,,python-native non-OCR extraction
NLG,2025-Q3,data\raw\official_finance_documents\01ie\nlg_2025_q3_financial_statement_b70e7c24682cabd9.pdf,b70e7c24682cabd95d229423896d74a4120ae537f88b948337022522798cfe83,46,overall,0,0,SCANNED_OR_IMAGE_ONLY_REVIEW,,no non-OCR Python backend extracted usable text or tables
PVS,2025-Q3,data\raw\official_finance_documents\01ie\pvs_2025_q3_financial_statement_4725c9bda835de61.pdf,4725c9bda835de617ef59cb8c933eae12f8d365aca8c0afaadfadfae530d33e1,102,pymupdf,0,0,NO_TEXT_EXTRACTED,,python-native non-OCR extraction
PVS,2025-Q3,data\raw\official_finance_documents\01ie\pvs_2025_q3_financial_statement_4725c9bda835de61.pdf,4725c9bda835de617ef59cb8c933eae12f8d365aca8c0afaadfadfae530d33e1,102,pdfplumber,0,0,NO_TEXT_EXTRACTED,,python-native non-OCR extraction
PVS,2025-Q3,data\raw\official_finance_documents\01ie\pvs_2025_q3_financial_statement_4725c9bda835de61.pdf,4725c9bda835de617ef59cb8c933eae12f8d365aca8c0afaadfadfae530d33e1,102,pypdf,0,0,NO_TEXT_EXTRACTED,,python-native non-OCR extraction
PVS,2025-Q3,data\raw\official_finance_documents\01ie\pvs_2025_q3_financial_statement_4725c9bda835de61.pdf,4725c9bda835de617ef59cb8c933eae12f8d365aca8c0afaadfadfae530d33e1,102,overall,0,0,SCANNED_OR_IMAGE_ONLY_REVIEW,,no non-OCR Python backend extracted usable text or tables
SSI,2025-Q3,data\raw\official_finance_documents\01ie\ssi_2025_q3_financial_statement_01d6b4d89d9bad8f.pdf,01d6b4d89d9bad8f7090f0ac66433fad2926ed961e150343a248f2293d0bfe06,73,pymupdf,0,0,NO_TEXT_EXTRACTED,,python-native non-OCR extraction
SSI,2025-Q3,data\raw\official_finance_documents\01ie\ssi_2025_q3_financial_statement_01d6b4d89d9bad8f.pdf,01d6b4d89d9bad8f7090f0ac66433fad2926ed961e150343a248f2293d0bfe06,73,pdfplumber,0,0,NO_TEXT_EXTRACTED,,python-native non-OCR extraction
SSI,2025-Q3,data\raw\official_finance_documents\01ie\ssi_2025_q3_financial_statement_01d6b4d89d9bad8f.pdf,01d6b4d89d9bad8f7090f0ac66433fad2926ed961e150343a248f2293d0bfe06,73,pypdf,0,0,NO_TEXT_EXTRACTED,,python-native non-OCR extraction
SSI,2025-Q3,data\raw\official_finance_documents\01ie\ssi_2025_q3_financial_statement_01d6b4d89d9bad8f.pdf,01d6b4d89d9bad8f7090f0ac66433fad2926ed961e150343a248f2293d0bfe06,73,overall,0,0,SCANNED_OR_IMAGE_ONLY_REVIEW,,no non-OCR Python backend extracted usable text or tables
NLG,2025-Q2,data\raw\official_finance_documents\01ie\nlg_2025_q2_financial_statement_fa0f45875eaf46be.pdf,fa0f45875eaf46be960a14bb2fda4b0642e22c585c0a97adc5fba1760f765150,47,pymupdf,0,0,NO_TEXT_EXTRACTED,,python-native non-OCR extraction
NLG,2025-Q2,data\raw\official_finance_documents\01ie\nlg_2025_q2_financial_statement_fa0f45875eaf46be.pdf,fa0f45875eaf46be960a14bb2fda4b0642e22c585c0a97adc5fba1760f765150,47,pdfplumber,0,0,NO_TEXT_EXTRACTED,,python-native non-OCR extraction
NLG,2025-Q2,data\raw\official_finance_documents\01ie\nlg_2025_q2_financial_statement_fa0f45875eaf46be.pdf,fa0f45875eaf46be960a14bb2fda4b0642e22c585c0a97adc5fba1760f765150,47,pypdf,0,0,NO_TEXT_EXTRACTED,,python-native non-OCR extraction
NLG,2025-Q2,data\raw\official_finance_documents\01ie\nlg_2025_q2_financial_statement_fa0f45875eaf46be.pdf,fa0f45875eaf46be960a14bb2fda4b0642e22c585c0a97adc5fba1760f765150,47,overall,0,0,SCANNED_OR_IMAGE_ONLY_REVIEW,,no non-OCR Python backend extracted usable text or tables
PVS,2025-Q2,data\raw\official_finance_documents\01ie\pvs_2025_q2_financial_statement_4b78ed50d5120d57.pdf,4b78ed50d5120d5774dd26b50cda33e33fa1125959ccabc0f942c5328387638b,99,pymupdf,11601,0,TEXT_EXTRACTED,,python-native non-OCR extraction
PVS,2025-Q2,data\raw\official_finance_documents\01ie\pvs_2025_q2_financial_statement_4b78ed50d5120d57.pdf,4b78ed50d5120d5774dd26b50cda33e33fa1125959ccabc0f942c5328387638b,99,pdfplumber,12990,0,TEXT_EXTRACTED,,python-native non-OCR extraction
PVS,2025-Q2,data\raw\official_finance_documents\01ie\pvs_2025_q2_financial_statement_4b78ed50d5120d57.pdf,4b78ed50d5120d5774dd26b50cda33e33fa1125959ccabc0f942c5328387638b,99,pypdf,11628,0,TEXT_EXTRACTED,,python-native non-OCR extraction
PVS,2026-Q1,data\raw\official_finance_documents\01ie\pvs_2026_q1_financial_statement_163b34a26aa6ccc7.pdf,163b34a26aa6ccc732ee81f04ce116457ab7c375094f231c2cbc2f66093c091e,119,pymupdf,17863,0,TEXT_EXTRACTED,,python-native non-OCR extraction
PVS,2026-Q1,data\raw\official_finance_documents\01ie\pvs_2026_q1_financial_statement_163b34a26aa6ccc7.pdf,163b34a26aa6ccc732ee81f04ce116457ab7c375094f231c2cbc2f66093c091e,119,pdfplumber,19956,0,TEXT_EXTRACTED,,python-native non-OCR extraction
PVS,2026-Q1,data\raw\official_finance_documents\01ie\pvs_2026_q1_financial_statement_163b34a26aa6ccc7.pdf,163b34a26aa6ccc732ee81f04ce116457ab7c375094f231c2cbc2f66093c091e,119,pypdf,18896,0,TEXT_EXTRACTED,,python-native non-OCR extraction
NLG,2025,data\raw\official_finance_documents\01ie\nlg_2025_financial_statement_32478ad3f1aaf25f.pdf,32478ad3f1aaf25f0cf3853fdcad6a8b9d3142bbb873fdb54c617fbc85f2909a,62,pymupdf,0,0,NO_TEXT_EXTRACTED,,python-native non-OCR extraction
NLG,2025,data\raw\official_finance_documents\01ie\nlg_2025_financial_statement_32478ad3f1aaf25f.pdf,32478ad3f1aaf25f0cf3853fdcad6a8b9d3142bbb873fdb54c617fbc85f2909a,62,pdfplumber,0,0,NO_TEXT_EXTRACTED,,python-native non-OCR extraction
NLG,2025,data\raw\official_finance_documents\01ie\nlg_2025_financial_statement_32478ad3f1aaf25f.pdf,32478ad3f1aaf25f0cf3853fdcad6a8b9d3142bbb873fdb54c617fbc85f2909a,62,pypdf,0,0,NO_TEXT_EXTRACTED,,python-native non-OCR extraction
NLG,2025,data\raw\official_finance_documents\01ie\nlg_2025_financial_statement_32478ad3f1aaf25f.pdf,32478ad3f1aaf25f0cf3853fdcad6a8b9d3142bbb873fdb54c617fbc85f2909a,62,overall,0,0,SCANNED_OR_IMAGE_ONLY_REVIEW,,no non-OCR Python backend extracted usable text or tables
NLG,2025,data\raw\official_finance_documents\01ie\nlg_2025_financial_statement_f8546e950feec687.pdf,f8546e950feec6879f9b1fa0ae8f419e81a40d7f720b45b39455093b52ac48da,12,pymupdf,6785,0,TEXT_EXTRACTED,,python-native non-OCR extraction
NLG,2025,data\raw\official_finance_documents\01ie\nlg_2025_financial_statement_f8546e950feec687.pdf,f8546e950feec6879f9b1fa0ae8f419e81a40d7f720b45b39455093b52ac48da,12,pdfplumber,6624,0,TEXT_EXTRACTED,,python-native non-OCR extraction
NLG,2025,data\raw\official_finance_documents\01ie\nlg_2025_financial_statement_f8546e950feec687.pdf,f8546e950feec6879f9b1fa0ae8f419e81a40d7f720b45b39455093b52ac48da,12,pypdf,6766,0,TEXT_EXTRACTED,,python-native non-OCR extraction
NLG,2025,data\raw\official_finance_documents\01ie\nlg_2025_financial_statement_afb75dcf5cb77001.pdf,afb75dcf5cb770013e13b6fda0a1288ddc02939452ef1daa80ea48ed33057ab7,1,pymupdf,0,0,NO_TEXT_EXTRACTED,,python-native non-OCR extraction
NLG,2025,data\raw\official_finance_documents\01ie\nlg_2025_financial_statement_afb75dcf5cb77001.pdf,afb75dcf5cb770013e13b6fda0a1288ddc02939452ef1daa80ea48ed33057ab7,1,pdfplumber,0,0,NO_TEXT_EXTRACTED,,python-native non-OCR extraction
NLG,2025,data\raw\official_finance_documents\01ie\nlg_2025_financial_statement_afb75dcf5cb77001.pdf,afb75dcf5cb770013e13b6fda0a1288ddc02939452ef1daa80ea48ed33057ab7,1,pypdf,0,0,NO_TEXT_EXTRACTED,,python-native non-OCR extraction
NLG,2025,data\raw\official_finance_documents\01ie\nlg_2025_financial_statement_afb75dcf5cb77001.pdf,afb75dcf5cb770013e13b6fda0a1288ddc02939452ef1daa80ea48ed33057ab7,1,overall,0,0,SCANNED_OR_IMAGE_ONLY_REVIEW,,no non-OCR Python backend extracted usable text or tables
SSI,2025,data\raw\official_finance_documents\01ie\ssi_2025_financial_statement_513737d0cb20948e.pdf,513737d0cb20948ec679f05e8d3bcf8decb81dfb81b36aba42ccd05aa961ae65,94,pymupdf,0,0,NO_TEXT_EXTRACTED,,python-native non-OCR extraction
SSI,2025,data\raw\official_finance_documents\01ie\ssi_2025_financial_statement_513737d0cb20948e.pdf,513737d0cb20948ec679f05e8d3bcf8decb81dfb81b36aba42ccd05aa961ae65,94,pdfplumber,0,0,NO_TEXT_EXTRACTED,,python-native non-OCR extraction
SSI,2025,data\raw\official_finance_documents\01ie\ssi_2025_financial_statement_513737d0cb20948e.pdf,513737d0cb20948ec679f05e8d3bcf8decb81dfb81b36aba42ccd05aa961ae65,94,pypdf,0,0,NO_TEXT_EXTRACTED,,python-native non-OCR extraction
SSI,2025,data\raw\official_finance_documents\01ie\ssi_2025_financial_statement_513737d0cb20948e.pdf,513737d0cb20948ec679f05e8d3bcf8decb81dfb81b36aba42ccd05aa961ae65,94,overall,0,0,SCANNED_OR_IMAGE_ONLY_REVIEW,,no non-OCR Python backend extracted usable text or tables
